name,admin1,lat,lon,population
Abdu Rahiman Nagar,,11.06983,75.93879,41993
Abhayāpuri,,26.32255,90.68526,15847
Abohar,,30.14453,74.19552,145302
Abrama,,20.85865,72.90648,21000
Achalpur,,21.25665,77.51006,112311
Achampet,,16.3982,78.63758,20721
Achhnera,,27.17826,77.75674,20532
Achhībal,,33.68409,75.21835,17556
Adampur (10),,29.28026,75.46818,25531
Adampur (23),,31.43224,75.71484,20922
Addanki,,15.81061,79.97338,28547
Adichānallūr,,8.88049,76.71558,27240
Adirampattinam,,10.34059,79.37905,31066
Adiyanuthu,,10.33075,77.98118,17851
Adoni,,15.62788,77.27495,184625
Adra,,23.49668,86.68363,22159
Adūr,,9.15595,76.73192,29652
Afzalgarh,,29.3937,78.67393,27753
Afzalpur,,17.19986,76.36018,27088
Agar,,23.71177,76.01571,37917
Agaram,,10.44325,77.94848,15610
Agartala,,23.83605,91.27939,400004
Agra,,27.18333,78.01667,1430055
Ahilyanagar,,19.09457,74.73843,367140
Ahmadpur,,18.70622,76.93731,43936
Ahmedabad,,23.02579,72.58727,6357693
Ahmedgarh,,30.67731,75.82633,31302
Ahor,,25.3687,72.78038,16867
Ahraura,,25.01579,83.03294,25075
Ahwa,,20.75718,73.68626,15004
Ahīwāra,,21.35799,81.41794,20384
Airoli,,19.15096,72.99625,100000
Aistala,,23.18,88.58,19425
Aizawl,,23.72894,92.71791,293416
Ajaigarh,,24.89879,80.25921,16656
Ajara,,16.11601,74.21097,17257
Ajeetgarh,,27.41933,75.82143,15414
Ajmer,,26.4521,74.63867,542321
Ajnāla,,31.84473,74.76295,21107
Ajānūr,,12.33614,75.09297,33079
Akalkot,,17.52532,76.20611,40103
Akalkuva,,21.5543,74.01922,17840
Akaltara,,22.02463,82.42641,22712
"Akbarpur (36) [26.38, 79.95]",,26.38371,79.94926,18835
"Akbarpur (36) [26.43, 82.53]",,26.42953,82.53431,36865
Akhnūr,,32.8955,74.73486,20756
Akivīdu,,16.58225,81.38112,40413
Akkarampalle,,13.65,79.42,44219
Aklera,,24.41288,76.56719,26240
Aklūj,,17.89241,75.02138,39972
Akola,,20.70957,76.9981,428857
Akot,,21.0963,77.0588,92637
Aland,,17.56425,76.56854,42371
Alandi,,18.67756,73.89868,28645
Alandur,,13.0025,80.20611,164430
Alang,,21.39878,72.17544,18480
Alangad,,10.10192,76.29104,47329
Alangāyam,,12.62235,78.75207,18327
Alappuzha,,9.49004,76.3264,240991
Alattūr,,10.65,76.53333,26720
Alengād,,10.11901,76.30226,47329
Ali,,28.5161,77.30993,27169
Alirajpur,,22.30393,74.35568,28498
Allapuram,,12.89509,79.12786,31211
Allinagaram,,10.02737,77.47815,94453
Almora,,29.59713,79.65911,32442
Alnāvar,,15.42727,74.74111,17228
Along,,28.16951,94.8006,18425
Alot,,23.76336,75.55662,24115
Aluva,,10.10764,76.35158,24108
Alwar,,27.56246,76.625,322568
Alwaye,,10.10649,76.35484,23703
Alībāg,,18.64813,72.87579,20752
Alīganj,,27.49358,79.17127,26652
Alīgarh,,27.88145,78.07464,753207
Alīpur,,28.79862,77.13314,20736
Alīpur Duār,,26.4835,89.52286,65232
Amalner,,21.03983,75.05887,97369
Amalāpuram,,16.57868,82.00609,53231
Amaravati,,16.514,80.516,103000
Amarpur,,25.03967,86.90247,25336
Amarpātan,,24.31371,80.97703,19409
Ambad,,19.61301,75.78906,31553
Ambaji,,24.33174,72.84564,17753
Ambala Sadar,,30.33544,76.86265,104974
Amballūr,,10.43431,76.26341,29341
Ambarnath,,19.2,73.16667,253475
Ambasamudram,,8.71068,77.4519,35645
Ambattur,,13.09818,80.16152,466205
Ambikāpur,,23.11892,83.19537,121071
Ambikāpuram,,10.79385,76.65303,28592
Ambur,,12.79163,78.71644,114608
Ambāh,,26.70423,78.22678,47177
Ambājogāi,,18.73312,76.38616,74114
Ambāla,,30.36099,76.79782,195153
Amet,,25.30609,73.9258,17434
Amla,,21.92485,78.12786,30215
Amlai,,23.19838,81.58064,30354
Ammainaickanur,,10.16707,77.91318,19257
Amod,,21.99317,72.87047,18742
Amravati,,20.93333,77.75,647057
Amreli,,21.59983,71.21169,117967
Amritsar,,31.62234,74.87534,1159227
Amroha,,28.90314,78.46984,176253
Amroli,,21.25084,72.83878,17082
Amudālavalasa,,18.41025,83.90295,39799
Amīngarh,,16.05662,75.94773,15073
Amīnpur,,17.5242,78.32273,36452
Anaimalai,,10.58303,76.93441,17208
Anakapalle,,17.69134,83.00395,86519
Anakaputhur,,12.9828,80.1264,48050
Anand,,22.55251,72.9552,209410
Anandpur (21),,21.21411,86.12492,39585
Anandpur (23),,31.23926,76.50253,16282
Anantapur,,14.67784,77.60813,267161
Anantnag,,33.73068,75.15418,150592
Ancharakandy,,11.8841,75.48501,23030
Andada,,21.65588,73.02151,16730
Andipalayam,,11.09246,77.31225,25539
Andol,,17.81458,78.07713,24645
Anekal,,12.7111,77.69557,44260
Angamāli,,10.19055,76.38789,34399
Angul,,20.84089,85.10192,44386
Anjad,,22.04171,75.05519,26289
Anjangaon,,21.16516,77.3091,56380
Anjār,,23.11316,70.02671,87183
Anklav,,22.37738,73.00072,21003
Ankleshwar,,21.63236,72.99001,89457
Anklesvar INA,,21.61675,73.02759,24789
Ankola,,14.66049,74.3047,22249
Annigeri,,15.42513,75.4335,28267
Annur,,11.23616,77.10514,20079
Annāmalainagar,,11.4,79.73333,16289
Anshing,,20.0409,77.31501,19000
Anta,,25.15,76.3,32377
Anthiyur,,11.57506,77.59043,21086
Anuppānadi,,9.90396,78.14326,26158
Anūpgarh,,29.19111,73.20861,33309
Anūppur,,23.10344,81.69083,19899
Anūpshahr,,28.35748,78.26914,25306
Aonla,,28.27402,79.16521,50011
Arakkonam,,13.08449,79.67053,79080
Aramboli,,8.24962,77.52161,22846
Arang,,21.19639,81.96912,19091
Arantāngi,,10.17235,78.99118,40814
Arcot,,12.90569,79.31897,55955
Areraj,,26.5503,84.6801,26014
Ariyallur,,11.08328,75.84904,22558
Ariyalūr,,11.13849,79.07556,29144
Ariyānkuppam,,11.89532,79.80709,29808
Arkalgūd,,12.76171,76.06035,16810
Arni,,12.66771,79.28529,63671
Aroor,,9.8694,76.30498,39214
Arrah,,25.55629,84.66335,261430
Arsikere,,13.31446,76.25704,53216
Arukutti,,9.86667,76.35,17944
Arumanai,,8.36696,77.24333,16283
Arumuganeri,,8.5688,78.09091,27266
Aruppukkottai,,9.5096,78.09588,87722
Arwal,,25.24281,84.66571,51849
Arāmbāgh,,22.88333,87.78333,60639
Arāria,,26.14934,87.51323,79021
Ashoknagar,,24.57578,77.73123,81828
Ashoknagar Kalyangarh,,22.86416,88.63701,111475
Ashta (16),,16.94943,74.40936,37105
Ashta (35),,23.01754,76.72208,53184
Asifābād,,19.35851,79.28415,23059
Asāra,,29.24714,77.30886,15959
Atarra,,25.28618,80.57155,46168
Athani,,16.72613,75.06421,47842
Athiyannur,,8.393,77.06371,40712
Atholi,,11.38853,75.7597,28213
Atmakūr,,15.88109,78.58704,35137
Atraulī,,28.02964,78.28571,47512
Attibele,,12.77809,77.77259,20532
Attili,,16.7,81.6,68196
Attimarappatti,,8.73988,78.10534,22218
Attingal,,8.69609,76.81507,37346
Attur,,11.59414,78.60143,61793
Auhammadpur Mājri,,28.72922,77.03827,17462
Auraiya,,26.46517,79.50918,70508
Aurangabad,,19.87757,75.34226,1175116
Aurangabad Cantonment,,19.87609,75.29161,18051
Aurangābād,,24.75204,84.3742,102244
Aurād,,18.25397,77.41761,19849
Ausa,,18.24728,76.4993,36118
Avadi,,13.1147,80.10981,345996
Avalēpalli,,12.77137,77.85941,17859
Avanigadda,,16.02148,80.91808,25761
Avaniyāpuram,,9.88179,78.11255,89635
Avilala,,13.61106,79.4208,24839
Avinashi,,11.19297,77.26865,28868
Aya Nagar,,28.47202,77.1327,33123
Ayakudi,,10.44992,77.55198,27156
Ayanavelikulangara Vadakku,,9.04298,76.52297,24268
Aymanam,,9.60684,76.50055,34470
Ayodhya,,26.79909,82.2047,53293
Ayyalur,,10.48185,78.15639,17100
Ayyampettāi,,10.90141,79.17984,16263
Azamgarh,,26.06832,83.18358,116644
Azhikkōd,,11.91985,75.33549,25195
Azhiyūr,,11.69348,75.56013,30023
Azhoor,,8.64415,76.79897,27390
Baben,,21.13725,73.09647,15610
Baberu,,25.54711,80.70443,15607
Bablāi,,30.35729,76.879,26412
Babrāla,,28.26419,78.4056,16670
Babīna,,25.23947,78.47028,35538
Bacheli,,18.68435,81.26861,21435
Bachhraon,,28.92694,78.23456,29232
Bada Barabīl,,22.11186,85.38684,56870
Bada Malhera,,24.56412,79.30712,18335
Badagara,,11.59776,75.58142,76493
Baddi,,30.95783,76.79136,29911
Badgām,,34.01524,74.72074,15338
Badi,,23.03667,78.08417,19603
Badlapur,,19.15516,73.26553,174226
Badnāwar,,23.02181,75.23268,20917
Badvel,,14.7451,79.06288,70626
Badāmibāgh,,34.07381,74.85276,22214
Badūria,,22.74431,88.78655,49547
"Bagaha (34) [24.53, 85.06]",,24.52898,85.06019,91383
"Bagaha (34) [27.10, 84.09]",,27.09918,84.09003,112634
Bagalkot,,16.18673,75.69614,111933
Bagar,,28.18784,75.50012,15670
Bagasra,,21.48719,70.95516,34521
Bagbera,,22.75948,86.19049,78356
Bagdogra,,26.69929,88.31177,17372
Bagha Purana,,30.68809,75.09838,25206
Bagru,,26.81067,75.54702,31229
Bagulā,,23.33664,88.64109,20999
Bahadurgarh,,28.69287,76.93555,170767
Baharampur,,24.10473,88.25155,180547
Baheri,,28.77416,79.4974,63953
Bahjoi,,28.39502,78.62659,33752
Bahraigh,,27.57429,81.59474,182218
Bahula,,23.65176,87.16475,16264
Bahādurganj,,26.26172,87.82443,36993
Baidyabāti,,22.78498,88.32586,115504
Baihar,,22.10133,80.54967,16650
Baikunthpur,,23.26206,82.56051,28431
Bail-Hongal,,15.8137,74.85895,49182
Bairāgnia,,26.74063,85.27323,42895
Bakarwāla,,28.6678,77.02011,18122
Bakhri,,25.59889,86.26074,40043
Bakhtiarpur,,25.45598,85.5329,47897
Bakhtiyārpur,,25.46179,85.53179,34533
Balakrishnapuram,,10.35909,78.00261,25627
Balarāmpur,,23.09714,86.22292,22847
Balasore,,21.49266,86.93348,144373
Balaungi,,30.73058,76.69368,15982
Baliguda,,20.19966,83.90938,16611
Ballari,,15.14205,76.92398,410445
Ballarpur,,19.84696,79.34578,92146
Ballia,,25.42139,86.31445,47550
Balod,,20.73081,81.20578,23648
Baloda Bāzār,,21.65678,82.16062,26632
Balotra,,25.83242,72.24,74496
Balrāmpur,,27.42949,82.18545,77396
Balussheri,,11.44738,75.82944,27363
Balāngīr,,20.70419,83.49029,98238
Banat,,29.46355,77.35478,21580
Banda,,24.04488,78.96094,30923
Bandipura,,34.41728,74.64308,37081
Banga,,31.18874,75.99495,20906
Banganapalle,,15.31771,78.22669,25325
Bangaon (28),,23.04553,88.83084,111693
Bangaon (34),,25.86728,86.51152,60000
Bangarapet,,12.99116,78.17804,44849
Bangawan,,23.19259,82.1272,20873
Bankra,,22.60291,88.27751,56273
Bankāpur,,14.92295,75.26221,22529
Banmankhi,,25.88857,87.19421,26806
Banmankhi Bazar,,25.88761,87.19356,30336
Bannūr,,12.33295,76.86201,25455
Bantvāl,,12.8905,75.03489,40155
Banūr,,30.55407,76.71948,18775
Bar Bigha,,25.21855,85.7332,41758
Bara Uchāna,,29.46747,76.17798,16815
Baranagar,,22.64132,88.37727,260072
Barauli,,26.38109,84.58648,41877
Barauni,,25.4709,85.976,71660
Baraut,,29.10199,77.26334,93544
Barbigha,,25.2167,85.7333,46075
Barbil,,22.10194,85.37752,66540
Barddhamān,,23.25572,87.85691,301725
Bareilly,,28.36678,79.43167,745435
Bareja,,22.84863,72.59137,19690
Bareli,,23.00445,78.2301,34663
Bareta,,29.86352,75.69644,17432
Bargarh,,21.33348,83.61905,80625
Bargi,,22.99138,79.8755,17588
Bargūr,,12.54288,78.35735,16366
Barhiya,,25.28814,86.02055,43045
Bari Sādri,,24.41339,74.47331,15713
Baripāda,,21.93458,86.72852,116849
Barjala,,23.6182,91.35596,17998
Barki Saria,,24.17594,85.88938,24134
Barkā Kānā,,23.62118,85.46748,18475
Barnagar,,23.0489,75.37804,36438
Barnāla,,30.37451,75.5487,116449
Baroda,,25.5,76.65,18437
Barpeta,,26.32293,91.00632,48824
Barpeta Road,,26.50284,90.96937,35571
Barpāli,,21.19005,83.58721,20850
Barshi,,18.23454,75.69275,118722
Baruipur,,22.36544,88.4325,53128
Barwala,,22.21983,72.06755,17951
Barwāh,,22.25394,76.03853,26459
Barwāla,,29.36747,75.90809,43384
Barwāni,,22.03232,74.89982,55504
Barāra,,30.21465,77.04025,21545
Basavakalyan,,17.87445,76.94972,69717
Basavana Bāgevādi,,16.57278,75.97252,33198
"Basi (23) [30.59, 76.84]",,30.58813,76.84498,26295
"Basi (23) [30.69, 76.40]",,30.6885,76.40111,20288
Basi (24),,26.8315,76.04856,26029
Basirhat City,,22.66142,88.85477,143007
Basmat,,19.32872,77.15746,68846
Basni,,27.17232,73.64519,29187
Basoda,,23.85153,77.93652,78289
Bastī,,26.78817,82.71617,115115
Basukinath,,24.39446,87.08643,17123
Baswa,,27.14955,76.58345,22515
Bathinda,,30.20747,74.93893,285788
Batāla,,31.80921,75.20294,158621
Baud,,20.83773,84.32618,20424
Bawāna,,28.7982,77.03431,73680
Bawāni Khera,,28.94919,76.03108,20289
Bayad,,23.2234,73.21491,17886
Bayāna,,26.90791,77.28985,38502
Bedi,,22.50143,70.04363,21327
Beed,,18.98921,75.75634,146709
Begamganj,,23.59917,78.34064,34031
Begampur,,28.72655,77.06689,53682
Begusarai,,25.41853,86.13389,252008
Begūn,,24.98333,75,20836
Behat,,30.1718,77.6139,18223
Behror,,27.88832,76.28108,29531
Bela (34),,25.55707,84.43078,26707
Bela (36),,25.92058,81.99629,73992
Belagavi,,15.85212,74.50447,490045
Beldānga,,23.93428,88.26018,27489
Bellampalli,,19.05577,79.493,66660
Belonia,,23.25178,91.45407,19996
Belpahar,,21.8218,83.8458,38993
Belsand,,26.44365,85.40076,20566
Belūr,,13.16558,75.86519,22484
Bemetāra,,21.71556,81.53423,28536
Bengaluru,,12.97194,77.59369,8495492
Benipur,,26.05509,86.14557,75317
Beohāri,,24.02423,81.37831,24545
Berasia,,23.63134,77.43351,30951
Beri Khās,,28.70146,76.57708,16727
Bermo,,23.78781,85.93526,17401
Betamcherla,,15.45144,78.14797,38994
Betma,,22.68653,75.61456,15999
Bettiah,,26.80229,84.50311,132209
Betūl,,21.90056,77.90229,103330
Bewar,,27.21869,79.29761,23280
Beypore,,11.17151,75.80611,70751
Beāwar,,26.10119,74.32028,151152
Bhabhua,,25.04049,83.60749,50179
Bhachāu,,23.29858,70.34279,39532
Bhadauni,,24.87544,85.53369,20739
Bhadaur,,30.47651,75.33049,18561
Bhadgaon,,20.66905,75.22937,37214
Bhadohi,,25.39526,82.5703,78568
Bhadrak,,21.05447,86.5156,121338
Bhadravati,,20.1001,79.11442,60565
Bhadreswar,,22.82449,88.33841,121662
Bhadrāchalam,,17.66846,80.88887,50087
Bhadrāvati,,13.84846,75.70502,163903
Bhainsdehi,,21.64491,77.63023,16400
Bhaisa,,19.11285,77.96336,49764
Bhandāra,,21.16817,79.64885,91845
Bhanjanagar,,19.92719,84.58201,20647
Bharanikāvu Tekku,,9.18485,76.56076,15922
Bharatpur,,27.21731,77.49009,252838
Bharthana,,26.75231,79.2218,41055
Bharwāri,,25.56078,81.49164,16411
Bharūch,,21.69482,72.9805,169007
Bhati,,28.42953,77.22569,18864
Bhatkal,,13.98534,74.55531,32000
Bhattiprolu,,16.1026,80.78074,18001
Bhauri,,24.66094,72.91401,15312
Bhavnagar,,21.76287,72.15331,605882
Bhavāni,,11.44553,77.68215,39744
Bhawanipur,,26.45352,87.02744,27000
Bhawāni Mandi,,24.41582,75.83552,42283
Bhawānipatna,,19.90717,83.16697,69045
Bhawānīgarh,,30.26685,76.03854,22320
Bhayandar,,19.30157,72.85107,809378
Bhelai,,22.3093,82.60953,27158
Bhetia,,22.79321,86.14098,174355
Bhikangaon,,21.86764,75.96391,16217
Bhikkiwind Uttār,,31.34943,74.70271,20526
Bhikshāndārkovil,,10.88266,78.70456,17257
Bhilai,,21.20919,81.4285,627734
Bhilai Charoda,,21.22305,81.45609,98008
Bhiloda,,23.7676,73.24704,16074
Bhilwara,,25.34707,74.64081,359483
Bhimavaram,,16.54078,81.52322,146961
Bhind,,26.56671,78.78728,197585
Bhindār,,24.50235,74.18551,17878
Bhinga,,27.70283,81.9343,22016
Bhitarwār,,25.79216,78.11085,19096
Bhiwadi,,28.21024,76.86056,104921
Bhiwandi,,19.30023,73.05881,874032
Bhiwāni,,28.79304,76.13968,196057
Bhogpur,,31.55442,75.64271,18008
Bhokar,,19.21933,77.66962,32899
Bhokardan,,20.2583,75.76997,24416
Bholav,,21.71974,73.01098,24605
Bhongaon,,27.25515,79.18118,29911
Bhongīr,,17.51544,78.88563,53339
Bhoom,,18.45908,75.65877,18561
Bhopal,,23.25469,77.40289,1798218
Bhor,,18.14861,73.84336,18982
Bhuban,,20.88197,85.83334,22200
Bhubaneswar,,20.27241,85.83385,885363
Bhudgaon,,16.90742,74.59954,15738
Bhuj,,23.25397,69.66928,148834
Bhundsi,,28.35051,77.06144,17410
Bhupalpally,,18.42866,79.86385,42387
Bhusawal,,21.04365,75.78506,187421
Bhusawar,,27.03895,77.04849,19946
Bhuwāna,,24.62143,73.70818,17665
Bhābhar,,24.07165,71.59745,21894
Bhādra,,29.10298,75.17138,40662
Bhādāsar,,28.31457,74.28952,33006
Bhāgalpur,,25.24446,86.97183,400146
Bhālki,,18.04348,77.206,40333
Bhālswa Jahangirpur,,28.73558,77.16682,197148
Bhānder,,25.73581,78.74555,25204
Bhānpura,,24.513,75.7469,21013
Bhānpurī,,21.0919,80.93218,17270
Bhānvad,,21.93053,69.78081,22142
Bhātpāra,,22.86643,88.40113,483129
Bhātāpāra,,21.735,81.94711,57537
Bhāyāvadar,,21.85523,70.24791,19458
Bhīkhi,,30.05918,75.535,17825
Bhīmunipatnam,,17.89017,83.45203,55082
Bhīnmāl,,24.99944,72.27141,47932
Biaora,,23.9205,76.91074,49093
Bicholim,,15.59319,73.94571,16986
Bidar,,17.90802,77.51524,216020
Bidhūna,,26.80172,79.50829,27158
Bihtā,,25.55885,84.87141,47549
Bihār Sharīf,,25.20084,85.52389,297268
Bihārīganj,,25.73415,86.98837,32805
Bihāt,,25.42534,86.02083,67952
Bijaipur,,26.05052,77.37138,16964
Bijaynagar,,25.92976,74.64916,32124
Bijbehara,,33.79378,75.107,24590
Bijnor,,29.373,78.13636,84593
Bijuri,,23.25236,82.11673,32682
Bijāwar,,24.62351,79.48994,20513
Bikaner,,28.01762,73.31495,644406
Bikram,,25.44708,84.86261,22486
Bikramganj,,25.21073,84.25508,48465
Bilgi,,16.34714,75.61804,17792
Bilgrām,,27.17509,80.03201,27173
Bilhaur,,26.84345,80.06388,19333
Bilimora,,20.76957,72.96134,510879
Bilsanda,,28.24341,79.95135,15538
Bilsi,,28.12941,78.9109,26320
Bilthra,,26.12705,83.89148,17228
Bilāra,,26.18067,73.7055,41710
Bilāri,,28.62146,78.80361,29666
Bilāsipāra,,26.23285,90.2341,37739
Bilāspur,,22.08005,82.15543,365579
Bindki,,26.03613,80.57617,36058
Binika,,21.02626,83.81197,15765
Birgaon,,21.30758,81.62793,96294
Birmitrapur,,22.4,84.76667,33442
Birpara,,26.70421,89.14547,30000
Birūr,,13.59723,75.97167,23493
Bisauli,,28.30772,78.93678,32154
Bishnupur,,23.0738,87.31991,64041
Bishrāmpur,,24.25299,83.92502,42925
Bissāu,,28.24737,75.07666,23227
Biswanath Chariali,,26.72577,93.14659,19145
Biswān,,27.49581,80.99618,52516
Bisālgarh,,23.67595,91.28325,21085
Bobbili,,18.57366,83.35925,56819
Bodh Gaya,,24.69808,84.9869,38439
Bodhan,,18.66208,77.88581,77573
Bodināyakkanūr,,10.01171,77.34976,75680
Bodrī,,22.02346,82.11357,17481
Bodupāl,,17.41877,78.58427,43692
Boisar,,19.80362,72.75598,36151
Bokajān,,26.02131,93.77945,19877
Bokāro,,23.66934,86.15161,564319
Bolpur,,23.66278,87.69695,70998
Bolārum,,17.55606,78.34824,34667
Bommasandra Industrial Area,,12.81774,77.68415,15254
Bongaigaon,,26.47703,90.55815,67322
Boothapandi,,8.26586,77.44606,15931
Bopal,,23.03341,72.46723,37635
Borgaon,,20.72272,78.60392,19759
Boriavi,,22.61124,72.93283,19865
Borivli,,19.23496,72.85976,609617
Borsad,,22.40788,72.89817,63377
Borāwar,,27.02366,74.67579,24975
Botad,,22.16917,71.66671,130327
Boyampālaiyam,,11.14875,77.35368,40503
Brahmapur,,19.31151,84.7929,356598
Brajarajnagar,,21.81667,83.91667,80403
Bramhapuri,,20.61107,79.86103,36025
Brāhmana Periya Agrahāram,,11.36904,77.70633,24798
Brāhmanān di Bāri,,32.64398,74.91099,15453
Budaun,,28.03811,79.12668,161555
Budge Budge,,22.48275,88.18176,76837
Budhlāda,,29.92799,75.56205,26172
Budhni,,22.78659,77.68109,16808
Budhāna,,29.28805,77.47534,35442
Buguda,,19.80806,84.79084,15176
Bulandshahr,,28.40392,77.85773,198612
Buldāna,,20.52933,76.18457,67431
Bunjwah,,33.14584,75.9479,15899
Burhar,,23.21494,81.53204,19289
Burhānpur,,21.30868,76.23026,210886
Burla,,21.50976,83.87259,46698
Burāri,,28.7557,77.19941,146190
Buxar,,25.57548,83.98043,102861
Byasanagar,,20.95569,86.12643,56946
Byndoor,,13.86667,74.63333,20323
Byādgi,,14.67325,75.4868,30014
Bābai,,22.70256,77.93494,16741
Bābarpur,,28.68747,77.28558,37058
Bābra,,21.84577,71.30544,25270
Bāda,,26.06479,75.02155,20372
Bādepalli,,16.7549,78.14427,32598
Bādshāhpur,,28.39317,77.04919,15593
Bādāmi,,15.91495,75.67683,30943
Bāgbahra,,21.04606,82.3864,19529
Bāgepalli,,13.78338,77.79667,27011
Bāghpat,,28.94485,77.21865,41766
Bāh,,26.86912,78.59385,15359
Bāli (24),,25.19725,73.29117,19880
Bāli (28),,22.64859,88.34115,296973
Bālugaon,,20.17838,85.11327,17238
Bālugān,,19.73333,85.21667,17645
Bālurghāt,,25.22099,88.77732,153279
Bālāchor,,31.06062,76.30166,21631
Bālāghāt,,21.8156,80.18845,84261
Bālāpur,,20.66612,76.77386,44594
Bāmaur,,26.33895,78.10104,32838
Bāmor Kalān,,24.89298,78.15105,27860
Bānapur,,19.77889,85.17033,17499
Bānda,,25.47758,80.33491,152218
Bāndīkūi,,27.05087,76.57325,44664
Bāngarda,,22.7592,75.79536,15761
Bāngarda Chhota,,22.74354,75.81448,64213
Bāngarmau,,26.8912,80.21149,37425
Bānk,,22.70296,75.8039,18534
Bānka,,24.88091,86.92257,45977
Bānki,,20.37912,85.52953,17521
Bānkura,,23.23241,87.0716,133966
Bānsbāria,,22.95387,88.40098,108474
Bānsdīh,,25.88377,84.21827,21457
Bānsi,,27.17749,82.93442,39926
Bānswāda,,18.37725,77.88007,28384
Bānswāra,,23.54109,74.4425,101017
Bāntva,,21.48815,70.07576,15291
Bāola,,22.82844,72.36364,42458
Bāonlī,,26.32611,76.22829,15300
Bāpatla,,15.90422,80.46743,70777
Bāprola,,28.64133,77.01415,52744
Bāramūla,,34.209,74.34285,77276
Bārdoli,,21.12297,73.11151,60821
Bārh,,25.48339,85.70928,61470
Bāri,,26.64661,77.61634,62721
Bārmer,,25.74572,71.39211,96225
Bāruni,,25.47509,85.96813,84888
Bārākpur,,22.76602,88.36336,148174
Bārāmati,,18.15174,74.57767,54415
Bārān,,25.1,76.51667,117992
Bārāsat,,22.72154,88.48198,298127
Bāspalli,,17.53909,78.36355,27563
Bāsudebpur,,21.11974,86.72896,33690
Bāwal,,28.07184,76.58312,16776
Bāzpur,,29.15299,79.10814,23900
Bīdāsar,,27.83598,74.31776,35683
Bījāpur,,18.79387,80.81599,16129
Bīlāspur,,28.88655,79.2703,39873
Bīna,,24.17161,78.18755,64529
Bīrpur,,26.50823,87.01194,19932
Bīsalpur,,28.29253,79.80472,68355
Būndi,,25.43855,75.63735,104919
Būndu,,23.16095,85.59007,21054
Calangute,,15.5439,73.7553,17446
Canning,,22.31399,88.66508,42132
Chakapara,,22.63222,88.34861,27320
Chaklāsi,,22.6532,72.94497,39581
Chakradharpur,,22.67611,85.62892,56531
Chaksu,,26.6051,75.94814,33432
Chalisgaon,,20.45781,75.01596,97551
Challakere,,14.318,76.65165,55194
Challapalle,,16.11756,80.93139,16841
Chalthan,,21.15421,72.96141,21795
Chalāla,,21.41073,71.16621,17081
Chamba,,32.55531,76.12647,21502
Chamrajnagar,,11.92312,76.93949,69875
Chanaje,,18.86131,72.95257,16714
Chandannagar,,22.86225,88.36796,180623
Chandauli,,25.25803,83.26825,25035
Chanderi,,24.71312,78.13809,33081
Chandia,,23.65647,80.70911,15891
Chandigarh,,30.73629,76.7884,970602
Chandili,,19.24665,83.40577,18552
Chandrakona,,22.73333,87.51667,21855
Chandrapura,,23.74877,86.11955,27425
Chanduasi,,28.45178,78.78277,112635
Changanācheri,,9.44203,76.53604,51430
Channagiri,,14.02399,75.92577,21313
Channapatna,,12.65143,77.20672,71942
Channarāyapatna,,12.90642,76.38775,40417
Chanod,,20.34673,72.92825,18776
Chanpatia,,26.94442,84.5377,27095
Charipara,,23.80914,91.24805,19598
Charkhi Dādri,,28.59166,76.27161,56337
Charkhāri,,25.40304,79.74877,24881
Charthāwal,,29.54687,77.59438,19942
Chas,,23.63556,86.16712,141640
Chatrā,,24.20645,84.87085,49985
Chaumu,,27.16955,75.72226,64417
Chautāpal,,17.25799,78.89776,19092
Chavara,,8.96727,76.54188,42655
Chekkiād,,11.71733,75.6419,24246
Chelamartam,,10.13711,76.45696,16844
Chelambra,,11.15086,75.87192,34149
Chelora,,11.89494,75.43959,20952
Chemmumiahpet,,14.46289,78.81191,31416
Chendamangalam,,10.16322,76.23456,29326
Chendrappini,,10.35552,76.1282,16404
Chengala,,12.49839,75.0503,15588
Chengalam,,9.59657,76.46776,16111
Chengalpattu,,12.69184,79.97661,65689
Chengam,,12.30889,78.79137,26980
Chengamanād,,10.15409,76.34159,29576
Chengannūr,,9.31575,76.61513,25043
Chennai,,13.08784,80.27847,4681087
Chennimalai,,11.16378,77.60388,16268
Cheppad,,9.23458,76.47326,20052
Cheranellūr,,10.05428,76.2896,30594
Cheranmahadevi,,8.67547,77.56957,18327
Cheriyamundam,,10.94764,75.95643,31212
Cherpulassery,,10.87655,76.30932,30000
Cherthala,,9.68444,76.33558,45827
Cherukavu,,11.17307,75.90858,30126
Cherukunnu,,11.99564,75.28717,16111
Cheruthazham,,12.08097,75.26272,29348
Cheruvannur,,11.19033,75.82833,61614
"Chetput (25) [12.46, 79.35]",,12.46399,79.3484,19827
"Chetput (25) [13.07, 80.24]",,13.07,80.24083,18326
Chettināyakkanpatti,,10.39399,77.9754,17701
"Chettipālaiyam (25) [10.91, 77.04]",,10.91248,77.03699,24080
"Chettipālaiyam (25) [11.17, 77.34]",,11.16669,77.33502,37620
Chetwayi,,10.52885,76.04793,38011
Chevvoor,,10.45862,76.2088,16086
Cheyyar,,12.66052,79.54308,37802
Chhabra,,24.66472,76.84379,32285
Chhala,,23.30779,72.77404,17323
Chhanerā,,21.96097,76.69494,22052
Chhaprauli,,29.20989,77.17454,19224
Chharra,,27.9247,78.40102,24535
Chhatarpur (07),,28.49849,77.18254,46776
Chhatarpur (35),,24.9177,79.58871,142128
Chhatrapur,,19.35574,84.98359,22027
Chhaya,,21.62878,69.63386,47699
Chhibrāmau,,27.14872,79.50078,57071
Chhindwāra,,22.05697,78.93958,175052
Chhipa Barod,,24.62361,76.70783,18837
Chhiri,,20.37782,72.9411,18829
Chhota Gobindpur,,22.74588,86.25886,31843
Chhota Udepur,,22.30401,74.0158,25787
Chhoti Sādri,,24.38145,74.7012,18360
Chhāpar,,27.819,74.43936,19744
Chhāta,,27.72374,77.5081,21260
Chhātāpur,,26.21965,87.00479,23425
"Chicholi (16) [21.27, 79.12]",,21.26644,79.11559,18469
"Chicholi (16) [21.47, 79.70]",,21.46926,79.70151,18864
Chidambaram,,11.39933,79.69144,62153
Chidawa,,28.23937,75.64035,43953
Chik Ballāpur,,13.43512,77.72787,63652
Chikhli,,20.35046,76.25774,57889
Chikmagalūr,,13.32231,75.774,121484
Chiknāyakanhalli,,13.41609,76.62063,24292
Chikodi,,16.42898,74.58591,38307
Chilakalūrupet,,16.08987,80.16705,101398
Chilla Soroda Bāngar,,28.59572,77.30189,83217
Chillupār,,26.28221,83.5064,20518
Chimbel,,15.49261,73.87474,15289
Chincholi,,17.46508,77.41874,20897
Chinna Salem,,11.63422,78.87412,25106
Chinna Āndānkovil,,10.9511,78.0681,19779
Chinnachowk,,14.47516,78.8354,64053
Chinnalapatti,,10.28481,77.92332,26285
Chinnamanūr,,9.83999,77.38109,42305
Chinnavādampatti,,11.06149,76.98377,20122
Chinnūr,,18.85779,79.7956,23579
Chintamani,,13.40051,78.05172,76068
Chiplūn,,17.53339,73.50935,55139
Chirakkal,,11.91257,75.36102,45601
Chirkunda,,23.74771,86.78804,45508
Chirmiri,,23.19073,82.35314,100800
Chitaguppa,,17.69737,77.21525,25298
Chitarpur,,23.57283,85.65355,22837
Chitradurga,,14.22262,76.40038,145853
Chitrakoot Dham,,25.21473,80.91645,23316
Chittaranjan,,23.85681,86.90324,45305
Chittoor,,13.21055,79.0956,160722
Chittorgarh,,24.88963,74.62403,116406
Chittūr,,10.69967,76.7471,32298
Chockli,,11.72745,75.55509,33732
Chodavaram,,17.82884,82.93526,29000
Chokkanāthapuram,,9.99207,77.35657,15625
Choornikkara,,10.08788,76.3411,43207
Chopda,,21.24578,75.29946,72783
Chorwād,,21.02947,70.23302,22720
Chotila,,22.42347,71.19641,21364
Choudwar,,20.53917,85.91512,52999
Chumukedima,,25.82483,93.77592,25885
Chunchupally,,17.52333,80.60405,19944
Chunār,,25.12776,82.8821,36459
Churi,,23.65491,85.01281,24876
Churāchāndpur,,24.33353,93.66999,47774
Chāchaura,,24.17583,76.99957,21860
Chākan,,18.76059,73.86351,41113
Chākia,,26.41598,85.04665,20686
Chākuliā,,22.48301,86.71793,16306
Chālakilakākara,,11.85404,75.43869,17088
Chāmpa,,22.03532,82.64234,45256
Chānasma,,23.71472,72.11279,15932
Chānda,,19.95076,79.29523,328351
Chāndor,,20.3306,74.24467,25341
Chāndpur,,29.13489,78.27187,73555
Chāndur,,19.73444,79.17167,26755
Chāndāmeta,,22.19093,78.73032,16497
Chāndūr,,20.81408,77.98015,19776
Chāndūr Bāzār,,21.23853,77.74713,18780
Chāpar,,26.27266,90.44556,20322
Chāpra,,25.78031,84.74709,202352
Chāībāsa,,22.55038,85.80249,69565
Chēmanchēri,,11.40482,75.72363,34819
Chīka,,30.04891,76.343,38952
Chīpurupalle,,18.31142,83.56846,25898
Chīrāla,,15.82385,80.35219,92942
Chītāpur,,17.12357,77.0824,31299
Chōrōd,,11.62773,75.59147,38245
Chūru,,28.30415,74.96718,120157
Clement Town,,30.26361,78.00862,20806
Closepet,,12.72181,77.28149,95167
Coimbatore,,11.00555,76.96612,2136916
Colachel,,8.17938,77.25818,23227
Colgong,,25.26328,87.23264,33700
Colonelganj,,27.13432,81.69868,25503
Contai,,21.77985,87.74892,88702
Coonoor,,11.34979,76.79375,45494
Cuddalore,,11.75617,79.76693,173636
Cumbum (02),,15.58171,79.11059,22653
Cumbum (25),,9.73647,77.2847,68090
Cuncolim,,15.1773,73.99392,16623
Curchorem,,15.26349,74.10875,22730
Curti,,15.41667,74.01667,16385
Cuttack,,20.46497,85.87927,610189
Dabhel,,20.40953,72.88339,52578
Dabhoi,,22.18333,73.43333,56253
Daboh,,26.00239,78.87658,18298
Dabra,,25.88572,78.33221,61277
Dabwāli,,29.94906,74.73832,62113
Dahegām,,23.16903,72.82161,42632
Dalkola,,25.87577,87.84009,15285
Dalli Rājhara,,20.58573,81.07501,44363
Dalsingh Sarai,,25.66795,85.83636,23862
Dalūpura,,28.6057,77.31901,154791
Dam Dam,,22.63341,88.42286,122719
Daman,,20.41431,72.83236,44282
Damoh,,23.83312,79.4419,139561
Damua,,22.19291,78.46703,24663
Dandeli,,15.26667,74.61667,52295
Danta,,27.29636,75.18665,15594
Darbhanga,,26.15216,85.89707,296039
Darsi,,15.76978,79.67939,33418
Daryāpur,,20.92489,77.32644,36463
Dasnapur,,19.65399,78.51213,22216
Dasūya,,31.81679,75.6531,25192
Datia,,25.67312,78.45908,100284
Dattāpur,,20.78075,78.1407,21763
Daudnagar,,25.03473,84.40095,52364
Daund,,18.46515,74.58375,49450
Dausa,,26.89,76.33584,85960
Davangere,,14.46693,75.92694,435128
Davorlim,,15.27221,73.99242,15350
Dayal Pur,,28.71753,77.26508,20589
Deesa,,24.25612,72.17928,111160
Deglur,,18.54829,77.57695,54493
Dehradun,,30.32443,78.03392,522081
Dehu Road,,18.68211,73.73161,48961
Delhi,,28.65195,77.23149,11034555
Delhi Cantonment,,28.6,77.13333,110351
Denkanikota,,12.5301,77.78887,24252
Deoband,,29.69505,77.67964,88171
Deogarh,,21.53827,84.73337,22390
Deoghar,,24.48983,86.69902,203123
Deolali,,19.47393,74.62063,30997
Deoli (07),,28.50254,77.23117,169122
Deoli (16),,20.6492,78.48023,19288
Deoli (24),,25.75728,75.37991,22065
Deolāli,,19.94404,73.83441,54027
Deoraniān,,28.62989,79.47648,19788
Deori,,22.09901,82.2664,17265
Deori Khās,,23.39017,79.0163,25632
Deoria,,26.50167,83.77936,129570
Depālpur,,22.85095,75.54224,17474
Dera Colliery Township,,20.95283,85.17174,15787
Dera Māndi,,28.43597,77.17601,16725
Dergaon,,26.7,93.96667,20059
Deshnoke,,27.79836,73.34297,18470
Desāīganj,,20.62354,79.96454,28781
Devadanapatti,,10.14673,77.6439,19285
Devadurga,,16.42314,76.93577,28929
Devakottai,,9.94704,78.8233,51865
Devanahalli,,13.24655,77.71183,28051
Devarkonda,,16.69186,78.92073,29731
Devarshola,,11.54366,76.44037,24954
Devgadh Bāriya,,22.70517,73.90882,21030
Devgarh,,25.52533,73.90812,17604
Dewas,,22.96585,76.05526,289550
Deūlgaon Rāja,,20.01757,76.03755,30827
Dhamanagar,,20.9167,86.45,22920
Dhamtari,,20.70718,81.54874,101677
Dhanaula,,30.28216,75.57341,19920
Dhanaura,,28.95912,78.25629,28285
Dhanbad,,23.79759,86.42992,1196214
Dhandhuka,,22.38185,71.98664,32475
Dhanera,,24.50967,72.02343,29578
Dhanpuri,,23.18542,81.55513,45156
Dharampur,,20.53693,73.17368,24178
Dharampuri,,22.14951,75.34439,16363
Dharamsala,,32.22006,76.32013,30764
Dharangaon,,21.01187,75.27407,35375
Dharapuram,,10.73828,77.53223,72291
Dharashiv,,18.18158,76.03889,112085
Dharmadam,,11.77538,75.46459,30804
Dharmanagar,,24.36667,92.16667,40595
Dharmapuram,,8.12027,77.38904,17476
Dharmapuri,,12.1277,78.15794,68619
Dharmavaram,,14.41435,77.72035,121874
Dharmkot,,30.94559,75.23239,19057
Dharmābād,,18.89116,77.8494,33741
Dhaulpur,,26.69286,77.87968,133075
Dhaurahra,,27.99814,81.08975,20098
Dhekiajuli,,26.70367,92.47808,21579
Dhenkānāl,,20.65744,85.59693,67414
Dhing,,26.46793,92.47336,20826
Dholka,,22.72732,72.44128,80945
Dhone,,15.3952,77.8715,59272
Dhoraji,,21.73359,70.45004,84545
Dhrol,,22.567,70.41769,26496
Dhrāngadhra,,22.99167,71.46793,75578
Dhubri,,26.01856,89.98564,63388
Dhulagari,,22.58213,88.171,21080
Dhule,,20.9013,74.77737,375559
Dhuliān,,24.68127,87.9535,77070
Dhupgāri,,26.58904,89.00732,41168
Dhāka,,26.67479,85.16698,42063
Dhāmnod,,22.20928,75.47057,32093
Dhāmpur,,29.30883,78.51083,49973
Dhār,,22.59373,75.29774,93917
Dhāri,,21.32855,71.02645,29346
Dhāriwāl,,31.95616,75.32386,20604
Dhārni,,21.55333,76.88972,15761
Dhāruhera,,28.20553,76.79691,30344
Dhārāvi,,19.05,72.86667,700000
Dhārūr,,18.82017,76.10937,20417
Dhūri,,30.36846,75.86791,55225
Diamond Harbour,,22.19268,88.18951,41802
Dibai,,28.20849,78.26173,37873
Dibrugarh,,27.47989,94.90837,145488
Digboi,,27.39321,95.61839,21736
Dighwāra,,25.74434,85.01003,32741
Diglipur,,13.26667,93,42877
Digras,,20.1035,77.71846,44767
Dimāpur,,25.91174,93.7217,135860
Dinapore,,25.63705,85.04794,152940
Dinapur Cantonment,,25.63616,85.02026,28723
Dinapur Nizamat,,25.63847,85.05118,182429
Dindigul,,10.36896,77.98036,292512
Dindori,,22.94141,81.07975,21323
Diphu,,25.84341,93.43116,61797
Dirba,,30.07222,75.99607,16952
Diu,,20.71405,70.98224,23991
Doda,,33.14916,75.54746,21605
Doddaballapura,,13.29452,77.53777,93105
Dohad,,22.83283,74.25986,118846
Dombivali,,19.21667,73.08333,1247327
Domchānch,,24.47484,85.69213,15809
Dondaicha,,21.3236,74.56804,46767
Dongargarh,,21.18893,80.75459,37372
Dooru Verinag,,33.5594,75.23222,22968
Dornakal,,17.44475,80.14905,15350
Dorāha,,30.79953,76.02355,25424
Dowleswaram,,16.94761,81.77987,44637
Dubrājpur,,23.7902,87.37648,35087
Dugda,,23.74516,86.17175,22740
Dukli,,23.7984,91.29642,16941
Duliajan,,27.36035,95.31806,28626
Duliajan Oil Town,,27.3578,95.31407,28626
Dum Duma,,27.56884,95.55664,21706
Dumjor,,22.61993,88.24566,17972
Dumka,,24.26778,87.24855,47663
Dumra,,26.56708,85.5204,15778
Dumraon,,25.55265,84.15149,53618
Durg,,21.19147,81.27619,268806
Durgapur,,23.51583,87.30801,518872
Durgāpur,,20.0054,79.30273,18561
Dwārka,,22.23944,68.96778,38873
Dyāne,,20.56743,74.52845,49192
Dādri,,28.55257,77.55403,70609
Dāhānu,,19.96778,72.71263,50287
Dākor,,22.75268,73.14967,25658
Dāmnagar,,21.69232,71.51747,17766
Dāpoli,,17.75927,73.18816,15713
Dārjiling,,27.03333,88.26667,123797
Dārwha,,20.31017,77.77257,25791
Dārāsuram,,10.9499,79.35607,15326
Dāsna,,28.67736,77.52252,27926
Dātāganj,,28.0253,79.40819,24562
Dīdwāna,,27.40096,74.57537,53749
Dīg,,27.47188,77.32564,44999
Dīndārpur,,28.59813,76.99161,35856
Dīnhāta,,26.13526,89.46129,42381
Dīnānagar,,32.13664,75.47291,23976
Dūngarpur,,23.84306,73.71466,47706
Edacchēri,,11.68178,75.6248,26819
Edaicode,,8.38251,77.19834,25378
Edakkazhiyūr,,10.62276,75.99651,17335
Edappāl,,10.78339,76.00789,32550
Edattala,,10.05639,76.38451,77811
Edavai,,8.7645,76.68845,25994
Edavilangu,,10.24026,76.171,20363
Egra,,21.89947,87.53794,32832
Elamanchili,,17.54907,82.85749,27265
Elamkunnapuzha,,10.02674,76.22229,26997
Elampalloor,,8.95583,76.67388,33959
Elandakuttai,,11.40598,77.77501,16160
Elayavur,,11.88918,75.4124,33853
Electronic City Phase I,,12.85492,77.6633,76348
Ellakkudi,,10.80603,78.75031,16244
Ellenabad,,29.45282,74.66122,37680
Elumalai,,9.86501,77.69923,15746
Eluru,,16.71311,81.10437,218020
Elūr,,10.06667,76.28333,31468
Emmiganūr,,15.77203,77.48345,95149
Erandol,,20.92206,75.32641,31071
Erannoli,,11.76913,75.51766,25818
Eravattūr,,11.58006,75.73841,17016
Erode,,11.3428,77.72741,521891
Erraguntla,,14.63853,78.53974,32574
Eruvatti,,11.80621,75.53023,16905
Eruvādi,,8.44393,77.60441,18067
Erāmala,,11.68591,75.59104,34658
Erāttupetta,,9.68747,76.77891,34814
Etah,,27.55879,78.65692,131023
Etmadpur,,27.23541,78.19829,22697
Ettumanoor,,9.67,76.57,26993
Ettumānūr,,9.66898,76.55924,40438
Etāwa,,24.18351,78.20289,55185
Etāwah,,26.77615,79.02133,257448
Ezhome,,12.02999,75.28193,19261
Ezhudesam,,8.26512,77.14212,24657
Ezhupunna,,9.8211,76.29982,27528
Faizpur,,21.16766,75.86006,26602
Farakka,,24.81667,87.9,21834
Faridabad,,28.41124,77.31316,1414050
Farrukhnagar,,17.07787,78.20339,45675
Farrukhābād,,27.39134,79.5793,241152
Farīdkot,,30.67399,74.75579,87695
Farīdpur,,28.20997,79.54149,71783
Fatehganj West,,28.4662,79.30657,23810
Fatehgarh Chūriān,,31.86431,74.95665,18051
Fatehnagar,,24.81494,74.09504,22812
Fatehpur (24),,27.99486,74.95628,92595
"Fatehpur (36) [25.93, 80.81]",,25.92774,80.81266,166480
"Fatehpur (36) [27.17, 81.21]",,27.17281,81.21061,34010
Fatehpur Sīkri,,27.0937,77.66003,30026
Fatehābād (10),,29.51525,75.45554,70777
Fatehābād (36),,27.02645,78.3027,21957
Fatwa,,25.50958,85.30504,50961
Fazilka,,30.40207,74.02836,76492
Ferokh,,11.17989,75.84141,32122
Firozpur,,30.92574,74.61311,110313
Forbesganj,,26.30253,87.26556,50475
Fort Gloster,,22.50444,88.18333,18350
French Rocks,,12.50094,76.67416,20399
Fyzābād,,26.77549,82.15018,153047
Fālna,,25.26743,73.23933,24839
Fālākāta,,26.51963,89.20423,20119
Fīrozpur Jhirka,,27.78853,76.94496,24750
Fīrozābād,,27.15092,78.39781,306409
Gadag,,15.42977,75.62971,172612
Gadag-Betageri,,15.4167,75.6167,172813
Gaddi Annaram,,17.36687,78.5242,53622
Gadhada,,21.96957,71.57828,29872
Gadhinglaj,,16.22291,74.3501,27185
Gadhra,,22.74668,86.24546,18801
Gadkhol,,21.64381,73.01211,25332
Gadwāl,,16.23504,77.79556,63177
Gairtganj,,23.41022,78.22082,18184
Gajendragarh,,15.73628,75.96976,32359
Gajraula,,28.8457,78.2396,50380
Gajuwaka,,17.7,83.21667,258944
Gajwel,,17.84816,78.68291,24961
Ganaur,,29.1302,77.01832,35603
Ganderbal,,34.22619,74.77478,28233
Gandevi,,20.81214,72.99811,16827
Gandhinagar,,23.21667,72.68333,292797
Gangavati,,15.4313,76.52933,114642
Gangoh,,29.78004,77.26346,59519
Gangolli,,13.65024,74.67072,15200
Gangtok,,27.32574,88.61216,100286
Ganguwa,,29.11343,75.69578,25847
Gangākher,,18.96962,76.74946,49891
Gangāpur (16),,19.69718,75.01045,27745
"Gangāpur (24) [25.22, 74.26]",,25.21954,74.26028,18777
"Gangāpur (24) [26.47, 76.72]",,26.47249,76.71744,120115
Gangārāmpur,,25.40138,88.52978,65316
Ganj Dundwāra,,27.73308,78.94119,46314
Gannavaram,,16.54092,80.80213,19410
Garhchiroli,,20.18061,80.00522,54152
Garhmuktesar,,28.78732,78.10214,37043
Garhshankar,,31.21537,76.14149,16955
Garhwa,,24.16002,83.80755,46059
Garhākota,,23.7791,79.14321,32726
Gariadhar,,21.53889,71.57737,35692
Garot,,24.32342,75.65204,15122
Gaurela,,22.75449,81.90107,18165
Gauribidanur,,13.61072,77.51738,37947
Gauriganj,,26.20809,81.69294,390395
Gauripur,,26.08334,89.96118,25124
Gaya,,24.79686,85.00385,474093
Gevrai,,19.26372,75.75007,33562
Ghantapada,,20.93453,85.18788,15169
Gharaunda,,29.53692,76.97142,37816
Gharonda Neemka Bangar,,28.61644,77.288,37876
Gharroli,,28.6167,77.33207,92540
Ghatkesar,,17.45081,78.68366,19763
Ghazīpur,,25.58333,83.58526,103095
Ghogardīha,,26.27986,86.47001,18257
Ghorabandha,,22.7724,86.27109,20718
Ghosī,,26.10587,83.5393,39138
Ghoti Budrukh,,19.71641,73.62821,24838
Ghugus,,19.9381,79.11192,32654
Ghulewadi,,19.6031,74.19356,21860
Ghātampur,,26.15272,80.16803,40435
Ghātanji,,20.14183,78.31333,21293
Ghātsīla,,22.58531,86.47682,40624
Ghātāl,,22.66244,87.73399,54658
Ghāziābād,,28.66535,77.43915,1199191
Giddalūr,,15.37439,78.92609,35150
Giddarbāha,,30.19953,74.66627,45370
Gil,,30.84692,75.86362,28884
Gingee,,12.25282,79.41727,27045
Giridih,,24.18622,86.30875,114533
Gobichettipalayam,,11.45496,77.4422,59523
Gobindgarh,,30.67089,76.30192,82266
Gobindpur,,22.63393,86.07162,27066
Gobārdānga,,22.8774,88.75479,43808
Godda,,24.827,87.2125,48480
Godhra,,22.77547,73.61488,143644
Godoli,,17.67178,74.01289,22517
Gogri Jamālpur,,25.41117,86.65925,37753
Gohad,,26.43278,78.44205,58939
Gohāna,,29.13777,76.70247,65708
Gokak,,16.16901,74.82393,79121
Gokalpur,,28.7029,77.28961,121870
Gokarna,,14.55,74.31667,25851
Gokavaram,,17.25823,81.84985,16389
Gola Gokarannāth,,28.07837,80.47054,58986
Golāghāt,,26.51167,93.95951,41989
Gomoh,,23.87355,86.1516,31495
Gondal,,21.96074,70.80255,112197
Gondiā,,21.46026,80.19205,132813
Gondā City,,27.13181,81.95332,133583
Goniāna Mandi,,30.31679,74.91254,15208
Gooty,,15.11836,77.63776,48658
Gopavaram,,14.78412,78.5729,22936
Gopālganj,,26.46734,84.44041,67339
Gorai,,19.25,72.78333,29107
Gorakhpur,,26.76628,83.36889,674246
Gorantla,,13.98411,77.77224,24586
Gormi,,26.60029,78.51188,20841
Gorāya,,31.12411,75.7724,16462
Gotan,,26.65551,73.7371,17700
Gotegaon,,23.02888,79.48233,28074
Gothara,,28.0662,75.81772,16933
Govardhan,,27.49658,77.46263,20044
Goyerkāta,,26.69984,89.02565,66358
Goālpāra,,26.17668,90.62634,53430
Greater Noida,,28.49615,77.53601,293908
Gubbi,,13.31216,76.94102,18446
"Gudalur (25) [11.52, 76.48]",,11.52073,76.48141,49535
"Gudalur (25) [9.68, 77.25]",,9.67826,77.24951,47419
Gudivāda,,16.43547,80.99555,118167
Gudiyatham,,12.94601,78.87377,93973
Guledagudda,,16.05025,75.78997,33851
Gulgam,,34.55005,74.21729,15587
Gulābpura,,25.90448,74.66025,27215
Gulāothi,,28.58938,77.79318,46647
Gumia,,23.7975,85.82523,48141
Gumlā,,23.04268,84.54429,51264
Gummidipundi,,13.40765,80.10879,18891
Guna,,24.64691,77.3113,180935
Gundlupēt,,11.81004,76.69027,28105
Gundupālaiyam,,11.94096,79.80294,300104
Gunnaur,,28.23995,78.43994,20980
Guntakal,,15.17112,77.36244,126270
Guntur,,16.29974,80.45729,670073
Gunupur,,19.0804,83.80879,28870
Gurdaspur,,32.03933,75.40318,77928
Gurmatkāl,,16.86773,77.39088,20614
Gursahāiganj,,27.11518,79.73174,40214
Gursarāi,,25.61677,79.18053,25191
Guru Har Sahāi,,30.70862,74.40407,17192
Gurugram,,28.4601,77.02635,886519
Guruvāyūr,,10.5943,76.0411,21416
Guskhara,,23.49276,87.73484,33780
Guwahati,,26.1844,91.7458,962334
Gwalior,,26.22983,78.17337,1054420
Gyānpur,,25.33268,82.46637,200000
Gādarwāra,,22.9235,78.7849,47604
Gāndhīdhām,,23.08333,70.13333,247992
Gūduvāncheri,,12.84519,80.06055,44098
Gūdūr,,14.15093,79.8521,74851
Hadagalli,,15.02048,75.93185,27967
Hadgāon,,19.49552,77.65863,27433
Hailākāndi,,24.68394,92.56097,33637
Haldaur,,29.28988,78.28437,18686
Haldia,,22.06046,88.10975,170695
Haldwani,,29.22254,79.5286,139497
Haliyal,,15.32864,74.75638,24238
Haludbani,,22.75123,86.2099,25360
Halvad,,23.01516,71.18029,32024
Hamīrpur (11),,31.68411,76.52506,19280
Hamīrpur (36),,25.9553,80.14842,34144
Handiā,,25.36379,82.18655,17861
Hanumana,,24.77888,82.096,16771
Hanumāngarh,,29.58182,74.32938,155687
Harda,,22.34414,77.09536,74268
Hardoī,,27.39491,80.13165,122635
Haridwar,,29.94791,78.16025,186079
Harihar,,14.51288,75.80716,83219
Haripād,,9.28358,76.45519,15588
Harpanahalli,,14.78766,75.98863,47039
Harpālpur,,25.28773,79.33279,18529
Harsūd,,22.09947,76.73423,16736
Harūr,,12.05267,78.48023,25469
Hasanpur,,28.72249,78.28436,57481
Hashtsāl,,28.63406,77.05771,176877
Hassan,,13.00715,76.0962,155006
Hastināpur,,29.16042,78.00762,24093
Hatta,,24.13406,79.60119,32465
Hatti,,16.19836,76.66037,16278
Hazāribāgh,,23.99241,85.36162,153595
Hebbagodi,,12.82632,77.68085,34827
Heli Mandi,,28.34494,76.75694,20906
Hilsa,,25.31642,85.28234,51052
Himatnagar,,23.59893,72.96602,81137
Hinakallu,,12.33042,76.60213,23162
Hindaun,,26.73411,77.03519,105452
Hindoria,,23.90345,79.56861,16001
Hindupur,,13.82807,77.49143,151677
Hinganghāt,,20.54875,78.83978,101805
Hingoli,,19.71464,77.14238,85103
Hinjilicut,,19.48166,84.74489,24671
Hirekerūr,,14.45506,75.3952,19191
Hiriyūr,,13.94455,76.61723,56416
Hisar,,29.15394,75.72294,307024
Hisua,,24.8336,85.41729,32585
Hodal,,27.89196,77.36744,50143
Hojāi,,26.00281,92.85605,36869
Holalkere,,14.04295,76.18496,15783
Holenarasipura,,12.78635,76.24331,29974
Homnābād,,17.77074,77.12519,44483
Honnavar,,14.28088,74.44497,19109
Honnāli,,14.23976,75.64507,17928
Hosadurga,,13.79631,76.28408,28370
Hosapete,,15.26954,76.3871,206167
Hoshiārpur,,31.53723,75.91269,168653
Hoskote,,13.0707,77.79814,56980
Hosūr,,12.73647,77.83264,229528
Howli,,26.42237,90.98004,18301
Howrah,,22.57688,88.31857,1027672
Hubballi,,15.34776,75.13378,943788
Hudkeshwar Buzurg,,21.08235,79.12736,24499
Hugli,,22.90877,88.39674,177005
Hukeri,,16.23082,74.60244,22988
Hukumpeta,,16.98874,81.8017,16985
Hungund,,16.06213,76.0586,20877
Hunsūr,,12.30359,76.29275,50865
Hupari,,16.61667,74.40442,28953
Husainpur,,31.31185,75.32172,15575
Husainābād,,24.52849,84,29241
Hutagalli,,12.34172,76.58629,18308
Hyderabad,,17.38405,78.45636,6993262
Hābra,,22.84202,88.65606,139297
Hāflong,,25.16478,93.01744,43756
Hājo,,26.2452,91.52525,15977
Hājīpur,,25.68544,85.20981,147688
Hālol,,22.50321,73.47242,64265
Hālīsahar,,22.93218,88.41859,128172
Hāngal,,14.76465,75.1246,28159
Hānsi,,29.10239,75.96253,86770
Hāpur,,28.72985,77.78068,242920
Hārij,,23.69356,71.907,20253
Hāsimāra,,26.7469,89.35385,40000
Hāt Piplia,,22.76948,76.29992,17419
Hāthras,,27.59551,78.05201,126882
Hāveri,,14.79354,75.40448,67102
Hīrākud,,21.52502,83.87275,30207
Ibrāhīmpatnam,,16.58303,80.51432,29432
Icchannūr,,11.36148,75.77819,40697
Ichalkaranji,,16.69117,74.46054,287353
Ichchāpuram,,19.11393,84.68721,36493
Ichhāwar,,23.02816,77.01729,15221
Idaiyarpālaiyam,,11.03937,76.92369,83908
Idangansālai,,11.62721,77.98898,33245
Idappadi,,11.58624,77.83891,54823
Idar,,23.84145,73.00068,42306
Igatpuri,,19.69522,73.5626,35461
Ilaiyankudi,,9.62512,78.62434,24767
Ilkal,,15.95923,76.11351,60242
Imphal,,24.80805,93.9442,277196
Inam Maniyachi,,9.17056,77.85115,18258
Indargarh,,25.9109,78.56193,23045
Indergarh,,26.93521,79.6712,17366
Indi,,17.17735,75.9526,38217
Indore,,22.71792,75.8333,1994397
Indri,,29.87999,77.05972,17487
"Indāpur (16) [18.12, 75.03]",,18.11529,75.02885,25515
"Indāpur (16) [18.30, 73.25]",,18.3,73.25,26752
Injambakkam,,12.9162,80.2488,23346
Iramallūr,,10.0619,76.57168,33829
Irimbiliyam,,10.86242,76.09218,30635
Iringal,,11.55929,75.61663,25894
Irinjālakuda,,10.34238,76.21124,29208
Irivēri,,11.85586,75.47362,17231
Iroopara,,8.60747,76.91494,23113
Irugūr,,11.01782,77.06285,25691
Islāmnagar,,28.32896,78.72524,29144
Islāmpur (28),,26.26541,88.18982,55691
Islāmpur (34),,25.14075,85.20587,35641
Itanagar,,27.08694,93.60987,59490
Itārsi,,22.61477,77.76222,100574
Jabalpur,,23.16697,79.95006,1081677
Jadcherla,,16.77381,78.13666,17958
Jadugora,,22.65361,86.35595,18563
Jagalūr,,14.51957,76.33915,17257
Jagatsinghapur,,20.2557,86.17112,33631
Jagdalpur,,19.08136,82.02131,125463
Jagdīshpur,,26.74967,80.5451,31029
Jagdīspur,,25.46811,84.41939,32447
Jaggaiahpet,,16.89155,80.09551,53530
Jaggayyapeta,,16.8938,80.09807,41180
Jagiroad,,26.12017,92.19772,17739
Jagraon,,30.78783,75.47391,65305
Jagtiāl,,18.79473,78.91661,103930
Jagādhri,,30.16719,77.30367,124894
Jahāngīrābād,,28.40549,78.10588,57363
Jahānābād,,25.21368,84.9871,103202
Jahāzpur,,25.61994,75.27609,20586
Jaigaon,,26.84766,89.37558,158664
Jainagar,,26.59048,86.13791,21782
Jaipur,,26.91962,75.78781,3046163
Jais,,26.2649,81.54855,25726
Jaisalmer,,26.91763,70.90387,67604
Jaisingpur,,16.77639,74.55361,48510
Jaito,,30.45126,74.89189,37377
Jaitpur,,28.50647,77.32976,59330
Jaitāran,,26.20446,73.93676,22621
Jalakandapuram,,11.69779,77.87298,16184
Jalalpore,,20.94896,72.89829,17325
Jalandhar,,31.32556,75.57917,868929
Jalandhar Cantonment,,31.29421,75.61974,47845
Jalda,,22.1872,84.84359,15789
Jalesar,,27.47315,78.3031,38614
Jaleshwar,,21.80176,87.2225,25747
Jalgaon,,21.00292,75.56602,460228
Jalgaon Jamod,,21.05194,76.53464,28276
Jalladiampet,,12.92028,80.20806,19100
Jalochi,,18.15662,74.60708,19346
Jalor,,25.34558,72.61559,54081
Jalpāiguri,,26.51667,88.73333,107832
Jalālpur,,26.31162,82.73859,31388
Jalālābad,,29.61853,77.43908,25302
Jalālābād (23),,30.60622,74.25727,39525
Jalālābād (36),,27.72625,79.65523,35051
Jalālī,,27.8668,78.25267,18177
Jalārpet,,12.57025,78.57318,40959
Jambusar,,22.05236,72.80074,43344
Jamjodhpur,,21.90219,70.0357,25892
Jamkhandi,,16.50461,75.29146,68938
Jammalamadugu,,14.84677,78.38314,46069
Jammu,,32.73528,74.86167,576198
Jammu Cantonment,,32.70438,74.86114,28396
Jamnagar,,22.47292,70.06673,600943
Jamshedpur,,22.80278,86.18545,1339438
Jamālpur,,25.31258,86.48888,105434
Jamūī,,24.92606,86.22531,87357
Jandiāla,,31.1593,75.61755,25631
Jandiāla Gurū,,31.56198,75.0277,29232
Jangaon,,17.72602,79.15236,52394
Jangipur,,24.47001,88.07659,82548
Jaora,,23.63783,75.12711,74907
Jarwal,,27.1629,81.54179,17576
Jasdan,,22.03709,71.20794,48483
Jashpur Nagar,,22.88783,84.13864,28301
Jasidih,,24.51379,86.64576,16338
Jaspur,,29.27919,78.82798,42524
Jaswantnagar,,26.88271,78.90256,27777
Jatani,,20.15975,85.70742,63697
Jatāra,,25.00964,79.04869,17499
Jaunpur,,25.75356,82.68689,169572
Jawaharnagar,,17.51001,78.56562,44562
Jayamkondacholapuram,,11.21266,79.36369,33945
Jaynagar Majilpur,,22.1752,88.42008,25922
Jetpur,,21.75482,70.62347,118302
Jevargi,,17.01394,76.77317,25686
Jewar,,28.122,77.55734,29316
Jeypore,,18.8563,82.5716,84830
Jhadeshwar,,21.71361,73.03231,28148
Jhajha,,24.77107,86.37888,40646
Jhajjar,,28.6063,76.6565,48424
Jhalidā,,23.36545,85.97643,18057
Jhanjhārpur,,26.26467,86.27993,31283
Jharia,,23.74079,86.41456,86938
Jharoda Kalān,,28.65264,76.95208,19578
Jharoda Mazra Burāri,,28.73014,77.20911,22878
Jharsuguda,,21.85531,84.00698,97730
Jhinjhāna,,29.52118,77.2247,19711
Jhumri Telaiya,,24.4349,85.52951,87867
Jhunjhunūn,,28.12559,75.39797,118473
Jhābua,,22.76772,74.59087,35753
Jhālod,,23.10097,74.15536,28720
Jhālrapātan,,24.54205,76.17242,37506
Jhālu,,29.33609,78.22608,20356
Jhālāwār,,24.59633,76.16499,66919
Jhānsi,,25.45887,78.57994,412927
Jhārgrām,,22.45384,86.99497,57796
Jhīnjhak,,26.56093,79.73423,23499
Jhūsi,,25.43745,81.9055,16642
Jigani,,12.78612,77.63855,17036
Jilādiguda,,17.332,78.52553,27461
Jining,,28.21633,94.85389,20684
Jintūr,,19.61186,76.6874,44291
Jirapur,,24.0214,76.3764,21724
Joda,,22.017,85.422,46631
Jodhpur (09),,21.90174,70.0327,47329
Jodhpur (24),,26.26841,73.00594,1056191
Jodiya Bandar,,22.71667,70.28333,15788
Jogbani,,26.39905,87.26525,39281
Jogipet,,17.83564,78.06811,18494
Jora,,26.34209,77.8092,42153
Jora Khurd,,26.48927,77.97578,32087
Jorhat,,26.75751,94.20306,126736
Jowai,,25.43596,92.19132,28430
Jugiāl,,32.36839,75.67819,15210
Jugsālai,,22.77668,86.18351,49660
Junnar,,19.20815,73.8752,25997
Jāfarābād (07),,28.67873,77.27116,54601
Jāfarābād (09),,20.86611,71.36606,27167
Jājmau,,26.4304,80.4095,652831
Jājpur,,20.84852,86.33729,42157
Jālaun,,26.1451,79.3366,55299
Jālna,,19.84102,75.88636,285577
Jāmadoba,,23.71667,86.4,34774
Jāmai,,22.19644,78.59191,22587
Jāmbai,,11.46775,77.64339,16522
Jāmkhed,,18.73519,75.31343,34017
Jāmner,,20.80949,75.77768,46762
Jāmtāra,,23.963,86.80285,29415
Jāmul,,21.25,81.4,25878
Jāmuria,,23.70468,87.07872,160242
Jānjgīr,,22.00922,82.5778,32833
Jānsath,,29.32502,77.85044,19467
Jāridih,,23.76571,85.93864,31882
Jāwad,,24.59916,74.86261,17129
Jīnd,,29.31577,76.31502,167592
Jīwanpur,,28.71448,77.28489,43054
Jūjūvādi,,12.76794,77.79184,32474
Jūnāgadh,,21.51966,70.45981,319462
Jūnāgarh,,19.85993,82.93385,19656
Kabilpor,,20.95078,72.9583,15699
Kabnur,,16.70166,74.43952,38146
Kabrāi,,25.40281,79.9997,24771
Kachhwa,,25.20615,82.71442,15381
Kadachira,,11.83695,75.44904,18979
Kadakkavoor,,8.67921,76.76714,25362
Kadamakudi,,10.06416,76.24565,16295
Kadapa,,14.47995,78.82346,344893
Kadayal,,8.40834,77.26575,21665
Kadayanallur,,9.07277,77.34152,90364
Kadi,,23.29908,72.33362,81404
Kadikkād,,10.67052,75.97975,19147
Kadiri,,14.11168,78.15982,89429
Kadod,,21.21717,73.21972,16747
Kadodara,,21.1616,72.9623,27336
Kadungalūr,,10.0948,76.32106,39666
Kadūr,,13.55285,76.01164,34151
Kagaznāgār,,19.33159,79.46605,57583
Kaij,,18.71364,76.06718,30704
Kaikalapettai,,13.02194,80.12056,23910
Kaikalūr,,16.55154,81.214,20763
Kailāras,,26.30498,77.616,25920
Kailāshahar,,24.33199,92.00391,22405
Kaimganj,,27.55441,79.33525,32858
Kaimori,,23.38465,79.7442,20154
Kaimur,,24.05441,80.6136,19343
Kaipamangalam,,10.33496,76.13924,35626
Kairāna,,29.39541,77.2054,80432
Kaithal,,29.80153,76.39959,144915
Kaithoon,,25.12407,75.97218,24260
Kakching,,24.4982,93.98126,32138
Kakdwip,,21.87914,88.1913,19368
Kakkalapalle,,14.64152,77.56684,30128
Kakkanad,,10.01636,76.34168,25531
Kakkodi,,11.31973,75.80146,42866
Kakrāla,,27.89269,79.1945,35690
Kalaburagi,,17.33583,76.83757,543147
Kalakkādu,,8.5138,77.54944,30921
Kalamassery,,10.0614,76.32631,71038
Kalamb,,19.04437,73.95554,27287
Kalamnūri,,19.67386,77.31149,24784
Kalavoor,,9.57046,76.32756,29564
Kalghatgi,,15.18315,74.97099,16917
Kalher,,19.24724,73.01515,15573
Kalinjur,,12.9534,79.13373,19828
Kallakkurichchi,,11.7404,78.959,40449
Kallakurichi,,11.73379,78.95925,1682687
Kallam,,18.57506,76.02186,25713
Kallamchavadi,,12.95306,80.13083,30702
Kalleribhāgam,,9.05396,76.55802,21723
Kallidaikurichi,,8.68591,77.46592,26398
Kalliyasshēri,,11.97549,75.36453,31122
Kalliyoor,,8.43128,77.01285,40816
Kallukuttam,,8.18868,77.28781,19093
Kallūr Tekkumuri,,10.24009,76.32359,17480
Kallūr Vadakummuri,,10.25317,76.32815,25259
Kalmeshwar,,21.23219,78.91988,19578
Kalol,,23.24656,72.49508,134426
Kalpatta,,11.60871,76.08343,31580
Kalugumalai,,9.14941,77.70569,15423
Kalwākurti,,16.66396,78.49143,28060
Kalyandurg,,14.54519,77.10552,32328
Kalyani,,22.9757,88.4337,93184
Kalyān,,19.2437,73.13554,1262255
Kalānaur,,28.82823,76.3955,23319
Kalāyat,,29.67665,76.25561,18660
Kamal Pur Majra Burari,,28.74667,77.19348,43086
Kamalganj,,27.26181,79.63134,16222
Kamalāpuram,,15.30442,76.47649,25552
Kamaruddinnagar,,28.67695,77.05372,25126
Kamatgi,,16.07786,75.81321,15620
Kammivapettai,,11.753,79.74567,18745
Kampli,,15.40626,76.60013,39307
Kanakapura,,12.54654,77.42005,54014
Kanayannur,,9.96667,76.26667,851406
Kanchanpur,,24.03592,92.19959,15341
Kanchipuram,,12.83515,79.70006,221715
Kandahār,,18.87312,77.19231,24843
Kandalloor,,9.1756,76.47129,19925
Kandamkunnu,,11.86948,75.58079,16025
Kandukūr,,15.21542,79.9039,57246
Kandāri,,21.06076,75.8098,16353
Kangayam,,11.00599,77.5609,32147
Kangeyanallur,,12.95081,79.15062,15177
Kanhangad,,12.30814,75.10632,125564
Kanhirode,,11.91842,75.4645,15353
Kanhān,,21.22899,79.2398,22945
Kanigiri,,15.40555,79.50694,25045
Kanigiri U,,15.40637,79.50702,37420
Kanjari,,22.61243,72.92107,17881
Kanjiramkulam,,8.35983,77.05253,19902
Kankauli,,16.26609,73.71217,16398
Kannad,,20.25684,75.13786,42056
Kannamangalam,,11.07543,75.98522,41260
Kannampālaiyam,,10.99544,77.09904,15868
Kannapuram,,11.98434,75.30414,18459
Kannauj,,27.05524,79.9188,76714
Kanniyākumāri,,8.09008,77.53841,22453
Kannod,,22.66764,76.74286,17744
Kannur,,11.86752,75.35763,62836
Kannānendal,,9.96487,78.14159,31095
Kannānkurichchi,,11.69691,78.17941,19765
Kanpur,,26.46523,80.34975,2823249
Kanpur Cantonment,,26.45942,80.37514,108534
Kansad,,21.07466,72.87888,28327
Kansāpur,,30.14546,77.26633,18909
Kantai,,26.21421,85.29749,25051
Kantābānji,,20.46709,82.92042,21819
Kanuru,,16.28584,81.25464,43696
Kapadvanj,,23.02302,73.07113,49308
Kapasan,,24.8894,74.31667,20869
Kappiyara,,8.24661,77.26171,15998
Kapurthala Town,,31.38011,75.38105,98916
Karamsad,,22.54243,72.90392,35285
Karamuck,,10.48421,76.10445,15129
Karanjiā,,21.76259,85.97319,22865
Karanpur,,29.84042,73.45519,21604
Karauli,,26.49831,77.02755,82960
Kardhān,,30.31768,76.86596,18662
Kareli,,22.91533,79.06378,29929
Karera,,25.45815,78.13583,28705
Kargil,,34.55765,76.12622,16338
Karhal,,27.00089,78.93935,26693
Kariapatti,,9.67505,78.09992,18191
Karingal,,8.23634,77.24256,16691
Karjan,,22.04671,73.11814,30405
Karjat,,18.9107,73.32354,34554
Karmāla,,18.4077,75.19386,23199
Karnāl,,29.69197,76.98448,302140
Karol Bāgh,,28.65136,77.19072,505241
Karthikappally,,9.2568,76.44871,19021
Kartārpur,,31.44268,75.49847,26701
Karumattampatti,,11.10933,77.182,35062
Karumālūr,,10.1329,76.27992,29805
Karumāndi Chellipālaiyam,,11.30191,77.58603,23868
Karungappalli,,9.10422,76.53701,25336
Karur,,10.95771,78.08095,234191
Karuva,,8.95003,76.59861,25432
Karuvanthuruthy,,11.17207,75.8226,21952
Karwar,,14.81361,74.12972,77139
Karād,,17.28937,74.18183,55663
Karāla,,28.73548,77.03522,35730
Karāwalnagar,,28.72712,77.27047,224281
Karīmganj,,24.86919,92.35543,56854
Karīmnagar,,18.43915,79.12856,289821
Kasba,,25.85643,87.53836,30421
Kashipur,,29.21399,78.95693,103138
Kasrāwad,,22.12745,75.61101,22750
Kasāra,,19.6451,73.47434,15611
Kataiya,,26.56807,84.0833,20193
"Katangi (35) [21.77, 79.81]",,21.77369,79.80513,15321
"Katangi (35) [23.44, 79.80]",,23.44124,79.79621,19040
Katghora,,22.50247,82.54279,22690
Katheru,,17.03795,81.77597,23572
Kathhāra,,23.76382,85.88468,22080
Kathlāl,,22.8982,72.99282,22071
Kathua,,32.36941,75.52539,59866
Katihar,,25.53852,87.57044,240838
Katirur,,11.78491,75.53015,31087
Kattanam,,9.17614,76.56325,19764
Kattivākkam,,13.21667,80.31667,36617
Kattumannarkoil,,11.27631,79.55784,27294
Kattur,,10.37315,76.16678,18017
Kavanur,,12.99623,80.07514,54986
Kavisuryanagar,,19.58148,84.76006,17430
Kawardha,,22.00853,81.23148,46657
Kayalpattinam,,8.57143,78.11992,40588
Kayamkulam,,9.18173,76.50093,68634
Kedia,,23.79454,85.58724,16054
Keevallur,,11.89703,75.53099,20440
Keezhkulam,,8.23073,77.18626,17327
Keirao Bitra,,24.71105,93.97461,24900
Kekri,,25.97132,75.14992,41890
Kemrī,,28.80673,79.2048,26726
Kenda,,23.1959,86.51499,15131
Kendrāparha,,20.50166,86.42227,47006
Keonjhargarh,,21.6318,85.59686,60590
Keru,,26.19247,73.0443,38429
Kerūr,,16.01384,75.54631,19731
Kesariyā,,26.34992,84.87086,18984
Keshod,,21.30328,70.24861,76193
Keshorai Pātan,,25.29275,75.93948,24627
Kesinga,,20.18778,83.21949,19239
Khada,,27.18333,83.88333,16350
Khadki,,18.5635,73.85205,75654
Khagaria,,25.5022,86.46708,49982
Khagaul,,25.57898,85.04564,51577
Khair,,27.94195,77.84243,30173
Khaira,,19.78673,72.76161,31699
Khairtal,,27.80426,76.63861,38298
Khairābād,,27.52698,80.75461,42125
Khairāgarh (36),,26.94352,77.81816,20095
Khairāgarh (37),,21.41859,80.97942,22564
Khajoori Khas,,28.70958,77.2587,76640
Khajuraho Group of Monuments,,24.84809,79.93351,25662
Khali Kachigam,,20.38333,72.86667,18434
Khalāri,,23.65063,85.00744,20010
Khalīlābād,,26.77268,83.07179,45321
Khamaria,,23.22558,79.88007,15019
Khambhāliya,,22.20685,69.65031,41734
Khambhāt,,22.31744,72.61916,99164
Khammam,,17.24767,80.14368,196283
Khanapuram Haveli,,17.26239,80.16809,53442
Khandela,,27.60499,75.502,29044
Khandwa,,21.82427,76.35086,200738
Khaniādhāna,,25.02983,78.12709,15877
Khanna,,30.70547,76.22196,128137
Khapat,,21.65414,69.61259,16744
Kharagpur (28),,22.33971,87.32501,219665
Kharagpur (34),,25.12446,86.55578,31385
Kharakvasla,,18.43997,73.77545,78684
Kharar,,30.74632,76.64689,74460
Khardah,,22.71861,88.37806,128346
Kharghar,,19.04979,73.07024,80612
Khargone,,21.82292,75.61394,116150
Kharhiāl,,20.28845,82.7606,15087
Khariar Road,,20.89872,82.50893,18967
Kharkhauda,,28.8787,76.91069,25051
Kharsia,,21.98953,83.10476,18939
Khatauli,,29.27844,77.73302,64731
Khatīma,,28.92134,79.97075,15714
Khed,,17.71888,73.39693,16892
Kheda,,22.75218,72.68533,25575
Khedbrahma,,24.0299,73.04632,29402
Khekra,,28.86586,77.2841,42408
Kheri,,27.90354,80.79754,26327
Kheri Nāngal,,29.35436,76.97737,18195
Kherli,,27.27359,76.98613,17634
Kherālu,,23.88534,72.61869,21843
Khetia,,21.67124,74.58535,15744
Khetri,,28.00069,75.78644,18209
Khilchipur,,24.03943,76.578,18928
Khirkiya,,22.16732,76.86137,22737
Khongapani,,23.1912,82.16265,17400
Khoni,,19.31734,73.05973,26016
Khopoli,,18.78562,73.34589,71141
Khordha,,20.18268,85.61629,46205
Khowai,,24.07964,91.59972,20046
Khuldābād,,20.00671,75.19245,15749
Khunti,,23.07602,85.27818,36390
Khurai,,24.04372,78.33014,51108
Khurja,,28.25382,77.85535,105909
Khusropur,,25.48174,85.38492,15731
Khāchrod,,23.42322,75.28185,34191
Khāmgaon,,20.70738,76.56827,94604
Khānāpur,,15.63969,74.50847,19309
Khāpa,,21.42243,78.98168,15175
Khārupatia,,26.51839,92.14722,18599
Khātegaon,,22.59573,76.9133,25413
Khātra,,22.97617,86.85462,16484
Khūtār,,28.20307,80.27046,15618
Kichha,,28.91154,79.52009,34904
Kidarakulam,,8.56688,76.99129,29624
Kilakarai,,9.23183,78.78545,38355
Kilapavoor,,8.90862,77.43112,22231
Killannur,,10.59918,76.21801,20339
Kim,,21.40081,72.92682,18638
Kinwat,,19.62557,78.1987,28454
Kiphire,,25.86785,94.78572,16487
Kirandul,,18.63649,81.25827,19053
Kiraoli,,27.13768,77.78516,21024
Kirāri Sulemānnagar,,28.69736,77.0648,283211
Kishanganj,,26.10224,87.95534,105782
Kishangarh,,26.59006,74.85397,154886
Kishtwār,,33.31346,75.76726,20553
Kithor,,28.86684,77.93861,25262
Kizhake Chālakudi,,10.30067,76.33763,49525
Kizhariyūr,,11.4982,75.68069,15116
Kizhuparamba,,11.25261,76.02437,22062
Kizhuvalam-Koonthalloor,,8.66251,76.80966,30770
Koch Bihār,,26.32539,89.44508,78737
Kochi,,9.93988,76.26022,633553
Kodaikānāl,,10.23925,77.48932,36501
Kodamthuruth,,9.80062,76.30153,21295
Kodarma,,24.46753,85.59397,24633
"Kodoli (16) [16.88, 74.19]",,16.87639,74.1909,17537
"Kodoli (16) [17.67, 74.03]",,17.67023,74.03469,26106
Kodungallūr,,10.23263,76.19513,60190
Kodur,,11.01528,76.07009,45459
Koduvayur,,10.68674,76.65879,20703
Kodār,,16.9985,79.9656,64234
Kodīnar,,20.79393,70.70216,41492
Koelwār,,25.58055,84.79751,25494
Kohima,,25.67467,94.11099,99039
Koipādi,,12.59302,74.96262,18121
Kokrajhar,,26.40107,90.27286,34136
Kokōtamangalam South,,9.67948,76.35889,17047
Kolaccheri,,11.97634,75.41675,17095
Kolar,,23.16478,77.41893,87882
Kolasib,,24.22388,92.67869,25000
Kolavallúr,,11.7507,75.61988,19817
Kolhāpur,,16.69563,74.23167,549236
Kolkata,,22.56263,88.36304,4631392
Kollam,,8.88113,76.58469,367107
Kollancode,,8.28903,77.10799,38385
Kollegāl,,12.15449,77.11051,57149
Kollivāyal,,11.49984,76.48152,21943
Kolār,,13.13768,78.12999,138462
Kolāras,,25.21928,77.61167,19781
Komalapuram,,9.54189,76.34236,47126
Kombai,,9.84745,77.29603,15960
Kompalli,,17.54499,78.48836,15575
Konch,,25.99451,79.15127,52773
Kondagaon,,19.59083,81.664,30921
Kondalampatti,,11.63453,78.12369,20318
Kondapalle,,16.61989,80.54244,38714
Kondasamudram,,12.94552,78.87878,21335
Kondli,,28.61167,77.32667,38207
Kondotty,,11.1423,75.9657,28794
Konnagar,,22.70508,88.34446,76082
Konnūr,,16.20138,74.74886,19386
Konārka,,19.89021,86.09761,16834
Koothanallur,,10.7199,79.5157,25423
Koothappar,,10.79709,78.79231,15943
Koovappady,,10.15525,76.48544,29339
Kopali,,22.83718,86.19161,43256
Kopargaon,,19.88239,74.47605,65273
Kopawor,,34.52856,74.26396,21771
Koppal,,15.34522,76.15478,70698
Kopāganj,,26.01923,83.5663,33539
Koraput,,18.81199,82.71048,47468
Koratagere,,13.522,77.2373,15265
Koratla,,18.82154,78.71186,66504
Koratti,,10.26597,76.34767,17618
Korba,,22.3458,82.69633,419146
"Koregaon (16) [17.70, 74.16]",,17.69915,74.16252,24690
"Koregaon (16) [18.65, 74.06]",,18.64573,74.05909,25846
Korochi,,16.71917,74.4451,20420
Korwai,,24.11774,78.04007,15136
Kosamba,,21.46202,72.95842,33221
Kosi,,27.79449,77.4368,52492
Kosigi,,15.8551,77.24463,15455
Kot Kapūra,,30.58061,74.82609,91979
Kota,,25.18254,75.83907,1001694
Kotagiri,,11.42072,76.86035,28848
Kotamangalam,,10.06435,76.62843,38837
Kotapārh,,19.14256,82.32536,16326
Kotdwāra,,29.74612,78.52219,27009
Kothakota,,16.38002,77.94004,19042
Kothanallur,,8.27911,77.30958,17662
Kotharia,,22.23436,70.81903,53794
Kotivakkam,,12.97016,80.25769,20217
Kotkapura,,30.5819,74.83298,80741
Kotma,,23.20383,81.97904,31756
Kotputli,,27.70207,76.19911,49202
Kottagūdem,,17.55106,80.61779,79819
Kottaikuppam,,11.96126,79.83923,31726
Kottaikādu,,12.25556,79.98226,28172
Kottangara,,8.92412,76.64673,44402
Kottappally,,11.61266,75.66136,21169
Kottayam,,9.58692,76.52132,55374
Kottur,,10.53646,76.98034,26627
Kottuvalli,,10.11119,76.24634,42922
Kottārakara,,9.00359,76.77383,29788
Kottūru,,14.82442,76.22005,26289
Kotā,,22.29507,82.02366,18405
Kovilpatti,,9.17167,77.86989,95057
Kovvūr,,17.0162,81.72934,40379
Kovūr,,14.5005,79.98518,35600
Koyilandy,,11.4381,75.69306,71873
Koynanagar,,17.4,73.76667,28091
Kozhikode,,11.24802,75.7804,550440
Koāth,,25.32643,84.25983,18890
Krishnagiri,,12.51921,78.21382,71323
Krishnanagar,,23.40576,88.49073,145926
Krishnarājpet,,12.66621,76.4877,25946
Krishnarājāsāgara,,12.43976,76.38276,35805
Krishnāpuram,,9.15212,76.52338,26705
Kuchera,,26.98747,73.97108,23468
Kuchinda,,21.74356,84.34848,15576
Kuchāman,,27.14745,74.85655,61969
Kuda,,25.89086,93.7388,16108
Kudachi,,16.62784,74.85408,23154
Kudali,,11.91982,75.47218,15236
Kudappanakkunnu,,8.55142,76.96079,41583
Kudāl,,16.01148,73.68867,16015
Kuju,,23.72536,85.51023,21356
Kukatpally,,17.48486,78.41376,341709
Kukshi,,22.20677,74.75788,28331
Kulasegaram,,8.36319,77.29777,17267
Kulasēkarapuram,,9.0912,76.53034,26907
Kulathummal,,8.5073,77.08145,40448
Kulattuppālaiyam,,10.76133,77.58425,17819
Kulgam,,33.64456,75.01923,23584
Kulittalai,,10.93487,78.41251,27910
Kullattūr,,12.94194,80.19472,27374
Kulpahār,,25.32007,79.63931,18976
Kulti,,23.73166,86.84372,305405
Kulu,,31.95835,77.10823,19831
Kumarapalayam,,11.44495,77.71102,195071
Kumbakonam,,10.96209,79.39124,167155
Kumbalam,,9.9063,76.31127,29193
Kumbalangy,,9.87977,76.28353,42367
Kumbhrāj,,24.37338,77.04841,19707
Kumhāri,,21.26667,81.51667,38334
Kumta,,14.42853,74.4189,36719
Kumārapuram,,9.27078,76.43257,26943
Kumārapālaiyam,,11.5021,77.25554,15706
Kunda,,25.71702,81.51396,24948
Kundapura,,13.63126,74.6902,30444
Kundarkhi,,28.68304,78.78559,27197
Kundgol,,15.25612,75.24735,18726
Kundla,,21.34222,71.30633,76809
Kundli,,28.86913,77.12061,21633
Kunigal,,13.02319,77.02518,34155
Kuniyamuttūr,,10.96376,76.95254,95924
Kunnamangalam,,11.30459,75.87772,47396
Kunnamkulam,,10.64667,76.06695,63903
Kunnatnād,,10.04292,76.42406,22881
Kunnimangalam,,12.07354,75.2412,18965
Kunnummal,,11.68325,75.71078,18031
Kuppam,,12.74931,78.34189,21963
Kurandvād,,16.68317,74.58892,22372
Kurduvādi,,18.09339,75.41567,23131
Kurichchi,,10.96085,76.97379,123667
Kurikuppi,,15.21758,76.64873,22560
Kurinjippādi,,11.55028,79.59066,39514
Kurnool,,15.82887,78.03602,460184
Kurseong,,26.88251,88.27729,46427
Kurumathur,,12.03973,75.41136,18641
Kurumbapet,,11.93983,79.77127,32871
Kuruvattūr,,11.33609,75.83511,34241
Kurwai,,24.11722,78.03833,15487
Kushinagar,,26.74134,83.88689,274403
Kushtagi,,15.75623,76.19112,24878
Kushālnagar,,12.45795,75.95904,15326
Kusum Pur,,28.55472,77.1573,17028
Kuthalam,,11.07431,79.56222,16125
Kutiatodu,,9.8,76.33333,23669
Kutiyāna,,21.6241,69.98494,16877
Kuttampuzha,,10.15033,76.73544,25436
Kuttikkāttūr,,11.26258,75.8796,25929
Kuttippuram,,10.84246,76.03077,25750
Kuttuparamba,,11.82775,75.5659,29619
Kuzhithurai,,8.31792,77.19192,21307
Kyathampalle,,19.66781,78.5289,42275
Kādiganpalli,,12.52318,78.2086,22714
Kādīpur,,28.77404,77.16308,18369
Kāgal,,16.57702,74.31544,34106
Kākināda,,16.96036,82.23809,384182
Kākori,,26.868,80.7857,18332
Kāladi,,10.81942,76.0064,25872
Kālappatti,,11.07937,77.03709,39586
Kālimpong,,27.03461,88.63084,43000
Kāliyāganj,,25.63442,88.32665,51748
Kālka,,30.83982,76.94065,34134
Kālna,,23.21944,88.36295,53964
Kālol,,22.60777,73.46272,25929
Kālpi,,26.11667,79.73333,44339
Kālānwāli,,29.83573,74.9717,27355
Kālāvad,,22.20789,70.38343,28314
Kāman,,27.65791,77.26908,38040
Kāmayakkavundanpatti,,9.73861,77.31999,16134
Kāmthi,,21.21615,79.1973,86793
Kāmākhyānagar,,20.93385,85.54489,16810
Kāmāreddi,,18.32001,78.34177,80315
Kāmārhāti,,22.67111,88.37472,332965
Kānchrāpāra,,22.95998,88.42849,136954
Kāndhla,,29.32104,77.27101,43387
Kāndi,,23.95946,88.04018,54848
Kāndla,,23.03333,70.21667,25845
Kānke,,23.43478,85.32059,17560
Kānker,,20.27193,81.49177,37442
Kānt,,27.81049,79.79185,24430
Kānth,,29.05939,78.62951,24883
Kānūru,,16.49853,80.69141,49006
Kāpas Herd,,28.52614,77.08396,74073
Kāpren,,25.40529,76.07431,20748
Kāraikkudi,,10.06615,78.76784,181851
Kāraikāl,,10.91667,79.83333,86838
Kāraippudūr,,11.05674,77.30613,28602
Kārakkād,,10.58804,76.03884,39098
Kāramadai,,11.24058,76.96009,35166
Kāranja,,20.48273,77.48857,67907
Kārkala,,13.21428,74.99234,25800
Kāro,,23.78516,85.9783,39305
Kāsaragod,,12.49838,74.98959,54172
Kāsganj,,27.80882,78.64579,99462
Kāsipālaiyam,,11.31984,77.70971,73425
Kāsībugga,,18.75927,84.41613,57507
Kāthor,,21.28854,72.9407,15311
Kātol,,21.27388,78.5858,43267
Kātoya,,23.64558,88.13258,78408
Kātpādi,,12.96951,79.14552,38833
Kātrās,,23.79752,86.29834,57349
Kāttatturai,,8.28486,77.27551,17271
Kāttipparutti,,10.87385,76.05348,40318
Kāvali,,14.9163,79.99449,90099
Kāveripatnam,,12.42186,78.2188,15006
Kērkandi,,11.36783,76.74576,23229
Kīl Bhuvanagiri,,11.44216,79.64763,21956
Kīlattingal,,8.69264,76.79332,15185
Kīratpur,,29.50671,78.20613,60223
Kōtekāra,,12.7929,74.87217,16505
Kōttakkal,,11.00089,76.00618,44382
Kōttayam,,11.82519,75.54779,19176
Kūdligi,,14.905,76.38527,26680
Kūdlu,,12.52979,74.97881,26235
Kūmher,,27.31657,77.37079,23540
Kūrāli,,30.83424,76.57677,31060
L.A.Sagaram,,13.90341,79.89055,19904
Lahār,,26.19401,78.94137,35674
Laitumkhrah,,25.57067,91.89771,27219
Lakhipur,,26.03001,90.30611,15633
Lakhnādon,,22.60049,79.60094,17302
Lakhyabad,,23.66667,86.66667,33162
Lakhīmpur,,27.94822,80.77935,140223
Lakkanahalli,,12.11202,78.15384,39697
Laksar,,29.7587,78.04148,19270
Lakshmeshwar,,15.12689,75.46935,36754
Lal Bahadur Nagar,,17.34769,78.55757,261987
Lalganj,,25.799,82.99768,23124
Lalgudi,,10.87419,78.81935,23740
Lalitpur,,24.69007,78.41915,126475
Lanka,,25.92907,92.94856,36805
Lar,,26.20394,83.96906,26688
Lateri,,24.06091,77.41044,18844
Latur,,18.39721,76.56784,382940
Laungowāl,,30.19393,75.68089,21880
Lauri,,25.13962,80.00112,22002
Lawngtlai,,22.53254,92.89902,20830
Laxmangarh,,27.82294,75.02754,53392
Leh,,34.16504,77.58402,37475
Lehragaga,,29.94265,75.80144,22588
Leteri,,24.05979,77.40858,15519
Libāspur,,28.75089,77.14647,44375
Limbdi,,22.56507,71.81076,42769
Lingiādīh,,22.07748,82.17605,22209
Lingsugūr,,16.15876,76.52174,35411
Lochapada,,19.32873,84.80065,16377
Loha,,18.94484,77.11553,24125
Lohāra,,20.38983,78.09027,22664
Lohārdagā,,23.43305,84.67992,57411
Lonand,,18.04041,74.18719,18723
Lonar,,19.98533,76.52046,23416
Lonavla,,18.75275,73.40575,58562
Longowal,,30.19846,75.6819,23851
Loni,,28.75143,77.29023,516082
Lormi,,22.27434,81.70181,15156
Losal,,27.4,74.91667,28504
Luckeesarai,,25.1765,86.0947,99979
Lucknow,,26.83928,80.92313,2472011
Ludhiana,,30.91204,75.85379,1618879
Lumding Railway Colony,,25.74903,93.16998,31347
Lunglei,,22.89247,92.74218,57011
Lādnūn,,27.65312,74.39993,65575
Lādwa,,29.9935,77.04563,28887
Lāharpur,,27.70827,80.90256,55911
Lākheri,,25.67237,76.17692,29572
Lālganj (34),,25.86894,85.17394,37098
Lālganj (36),,25.93182,81.70478,23728
Lālgola,,24.42244,88.25238,28442
Lālpettai,,11.30088,79.55612,16561
Lālpur,,22.19073,69.96351,15076
Lālru,,30.4917,76.79869,21394
Lālsot,,26.55951,76.32915,34363
Lāsalgaon,,20.1427,74.23946,17360
Lātehār,,23.74423,84.49984,26981
Lāthi,,21.7231,71.38843,22745
Lāwar Khās,,29.11091,77.77767,19556
Lūnāvāda,,23.12841,73.61043,36954
Machhlīshahr,,25.68564,82.41106,25247
Machilīpatnam,,16.18747,81.13888,192827
Madambakkam,,12.8525,80.04667,17058
Madanapalle,,13.5503,78.50288,180180
Madattukkulam,,10.55869,77.36597,20620
Maddūr,,12.58283,77.04294,28754
Madgaon,,15.27501,73.95786,87650
Madhapar,,23.23756,69.69946,32293
Madhavaram,,13.14819,80.2314,119105
Madhepura,,25.92127,86.79271,54472
Madhira,,16.92329,80.36308,22716
Madhuban (26),,23.78152,91.28579,16579
Madhuban (34),,26.43864,85.13573,17510
Madhubani,,26.35367,86.07169,75736
Madhugiri,,13.66035,77.21239,29159
Madhupur,,24.27419,86.63929,55238
Madhurampur Dehri,,24.96899,84.1964,137231
Madhyamgram,,22.68944,88.44594,161126
Madikeri,,12.42602,75.7382,33540
Madipakkam,,12.96226,80.19864,35752
Madukkarai,,10.90568,76.96344,30357
Madukkūr,,10.48098,79.39939,16266
Madurai,,9.919,78.11953,1465625
Maduraivayal,,13.06306,80.17194,19208
Maduravoyal,,13.0675,80.1632,86195
Madurāntakam,,12.51167,79.88485,30796
Maghar,,26.75586,83.12773,17011
Mahabalipuram,,12.62091,80.19331,15172
Maham,,28.96912,76.29495,20484
Mahbūbnagar,,16.74385,77.98597,190400
Mahbūbābād,,17.59728,80.00207,42851
Mahemdāvād,,22.82359,72.75551,35368
Mahendragarh,,28.26935,76.15253,29128
Maheshtala,,22.50862,88.25322,448317
Maheshwar,,22.17592,75.58715,24411
Mahesāna,,23.59864,72.38472,190753
Mahgawān,,26.49471,78.61593,21335
Mahiari,,22.58826,88.23544,17051
Mahmudābād,,27.29191,81.11775,45921
Mahna,,30.22798,74.99365,27733
Mahnar Bazar,,25.60962,85.48076,48293
Mahobā,,25.2905,79.87533,89170
Maholi,,27.66368,80.47371,19343
Mahudha,,22.82082,72.94032,17722
Mahuva,,21.09007,71.76904,98519
Mahwa,,27.04594,76.93152,24846
Mahād,,18.08333,73.41667,27536
Mahādula,,21.25257,79.08106,21481
Mahālingpur,,16.3888,75.10873,36055
Mahārāganj,,27.14456,83.56214,30548
Mahārājgani,,26.11017,84.50365,24282
Mahārājpur,,25.01939,79.73189,23328
Mahāsamund,,21.10743,82.0948,54413
Mahē,,11.70172,75.53474,41816
Mahīshādal,,22.18616,87.98072,17988
Maihar,,24.26594,80.76063,40192
Mainpuri,,27.22857,79.02882,94619
Maināguri,,26.56263,88.8204,29459
Mairwa,,26.23218,84.16349,23565
Maithon,,23.78,86.81,18830
Majalgaon,,19.15513,76.20992,49453
Majhiāon Kalān,,24.32431,83.81613,18349
Makhdumpur,,25.06567,84.97247,31994
Makronia,,23.84765,78.79903,23861
Makrāna,,27.04361,74.72445,94487
Maksi,,23.25999,76.14567,20094
Malajkhand,,22.05158,80.71566,34176
Malakanagiri,,18.36428,81.888,31007
Malakpur Kohi Rangpur,,28.54029,77.12075,23726
Malappuram,,11.04199,76.08154,101386
Malavalli,,12.38556,77.06045,38129
Malayinkeezhu,,8.4902,77.0374,37350
Malda,,25.00447,88.14573,170039
Malegaon,,20.54966,74.53462,481228
Malkajgiri,,17.44781,78.52633,150000
Malkapur,,17.26214,74.17574,32000
Malkāpur,,20.88555,76.19932,67740
Mallasamudram,,11.49333,78.03119,18820
Malout,,30.21121,74.4818,81406
Malpe,,13.34962,74.70394,23496
Malīhābād,,26.92223,80.71078,16649
Mamsapuram,,9.49959,77.58786,18635
Mamun,,32.28241,75.69831,32689
Manakunnam,,9.8857,76.37328,39538
Manali,,13.16667,80.26667,35248
Manalur,,10.49285,76.10267,17757
Manamadurai,,9.67318,78.47096,32257
Manapparai,,10.60772,78.42582,40510
Manaveli,,11.89091,79.81037,15666
Manchar,,19.00436,73.94346,18876
Mancherial,,18.87074,79.42863,89935
Mandamarri,,18.96506,79.47475,66176
Mandapam,,9.27571,79.12362,18427
Mandapeta,,16.86254,81.92921,56063
Mandi,,31.71194,76.93273,28217
Mandi Dabwāli,,29.96633,74.70025,52873
Mandideep,,23.08166,77.53328,59654
Mandlā,,22.59879,80.37115,55133
Mandoli,,28.70275,77.30995,120417
Mandsaur,,24.07184,75.06986,141667
Mandya,,12.5223,76.89746,137358
Mandāwa,,28.05541,75.14834,23335
Mandāwar,,29.48655,78.12732,21339
Manendragarh,,23.21337,82.20232,33071
Maner,,25.64602,84.87291,40068
Mangalagiri,,16.43083,80.56815,107197
Mangalam (02),,13.65754,79.46258,19318
Mangalam (25),,11.10052,77.27124,17699
Mangaldai,,26.44212,92.03047,25989
Mangaluru,,12.91723,74.85603,499487
Mangalvedha,,17.51046,75.44713,21824
Mangattidam,,11.84326,75.54368,18627
Manglaur,,29.79094,77.87836,46395
Mango,,22.8275,86.21639,223805
Mangrūl Pīr,,20.31379,77.34178,30983
Mani Mājra,,30.71397,76.83824,15489
Maniar,,25.98546,84.17233,20462
Manihāri,,25.33891,87.61998,26629
Manipal,,13.35,74.78333,34370
Manjeri,,11.12018,76.11996,97102
Manjhanpur,,25.53046,81.37566,16939
Mankāchar,,25.53347,89.86373,31091
Manmād,,20.25334,74.43755,80058
Mannachanallur,,10.90988,78.69927,25931
Mannanchōri,,9.5722,76.35245,32139
Mannarai,,11.11723,77.37256,17261
Mannargudi,,10.66626,79.45064,66999
Mannārakkāt,,10.99223,76.46418,50921
Manoharpur,,27.29769,75.9495,28928
Manthani,,18.65087,79.66501,15661
Manuguru,,17.93023,80.82671,32539
Manwath,,19.30133,76.49735,32488
Manāsa,,24.47764,75.14095,26551
Manāwar,,22.23566,75.08917,30393
Mappilaiurani,,8.8359,78.13518,40035
Mapusa,,15.59154,73.80898,40122
Maradu,,9.93653,76.32382,44704
Maraimalainagar,,12.79782,80.02502,81872
Marakkanam,,12.19214,79.94193,22034
Marampilly,,10.11383,76.44184,23272
Marattakara,,10.47327,76.25577,15817
Marayur,,10.27641,77.16205,25000
Margherita,,27.28482,95.66796,26914
Marhaura,,25.97349,84.86796,29932
Mariāhu,,25.60404,82.60379,22248
Mariāni,,26.65725,94.31529,23640
Marthandam,,8.30812,77.22144,20938
Martūru,,10.17171,76.42641,18890
Marutharōd,,10.7751,76.69948,24963
Masaurhi Buzurg,,25.35417,85.03195,59803
Mathur,,13.17097,80.24759,27674
Mathura,,27.5035,77.67215,330511
Mattanur,,11.93018,75.57152,47078
Mattigiri,,12.69795,77.80832,23129
Mau (35),,26.26584,78.67108,20147
Mau (36),,25.94167,83.56111,246050
Mau Aimma,,25.69515,81.92336,20123
Maudaha,,25.68312,80.11419,37844
Mauganj,,24.66721,81.87339,26420
Maur,,30.08333,75.25,31849
Maval,,18.75527,73.44428,15612
Mavoor,,11.26667,75.91667,29781
Mawlai-Mawïong,,25.62322,91.88175,55012
Mawāna,,29.10288,77.92199,76973
Mayiladuthurai,,11.10354,79.655,86660
Mayyanād,,8.83726,76.64505,40039
Mayāng Imphāl,,24.60998,93.88873,24239
Mechcheri,,11.83412,77.94387,25676
Medak,,18.04531,78.26078,46880
Medchal,,17.62972,78.48139,35611
Meddappakkam,,12.91661,80.19385,45356
Medininagar,,24.03971,84.0658,78396
Medinīpur,,22.42114,87.32257,153349
Meenambakkam,,12.98456,80.1747,24334
Meerpet,,17.32098,78.53046,32013
Meerut,,28.98002,77.70636,1223184
Mehidpur,,23.48879,75.658,34362
Mehkar,,20.1505,76.56841,45248
Mehndāwal,,26.97579,83.10995,25495
Mehsi,,26.35574,85.09251,25995
Melmadai,,9.92638,78.15028,43797
Melur,,10.03241,78.3393,40017
Memāri,,23.17647,88.09749,44448
Mendarda,,21.32112,70.44078,17166
Mennānyam,,11.5579,75.75964,15768
Merta,,26.64859,74.03414,46070
Merta Road,,26.72269,73.91762,16905
Methukummal,,8.30746,77.15205,19417
Metpalle,,18.84724,78.62563,50902
Mettupalayam,,11.29971,76.93485,69213
Mettur,,11.78796,77.8008,56743
Mharal Bk,,19.24588,73.1771,29462
Mhaswad,,17.63359,74.78773,24120
Mhow,,22.5589,75.76543,81702
Mihona,,26.28373,78.98048,16935
Milak,,28.61031,79.16997,28505
Milavittan,,8.81928,78.09087,45863
Mir Pur Turk,,28.70493,77.26424,19098
Mirganj,,26.37345,84.33489,26240
Miryalaguda,,16.8722,79.56247,104918
Mirzāpur,,25.1449,82.56534,220029
Misrikh,,27.43137,80.53157,15007
Modāsa,,23.46253,73.29857,67648
Modīnagar,,28.83059,77.57295,475843
Moga,,30.81383,75.16878,163397
Mohali,,30.67995,76.72211,166864
Moirāng,,24.4975,93.77791,19893
Mokameh,,25.39662,85.9219,60678
Mokokchūng,,26.3248,94.51834,35913
Mokēri,,11.77759,75.57309,19684
Molakālumuru,,14.71783,76.74677,15797
Molārband,,28.50295,77.31442,91402
Mon,,26.73583,95.05841,26328
Monoharpur,,22.10833,88.07889,23362
Moonak,,29.82529,75.89055,18141
Moonniyur,,11.05972,75.90311,55535
Moothakunnam,,10.18995,76.20079,27458
Moram,,17.78812,76.47077,18371
Morampudi,,16.98005,81.83715,15346
Moreh,,24.2508,94.30073,16847
Morena,,26.49892,77.99534,200482
Morigaon,,26.24908,92.34764,29164
Morinda,,30.79014,76.49883,24022
Mormugao,,15.38914,73.81491,102345
Morsi,,21.3403,78.01258,37333
Morvi,,22.81731,70.8377,210451
Morwa,,22.90469,73.83912,20168
Morādābād,,28.83893,78.77684,721139
Morār,,26.2264,78.22482,48464
Mothīhāri,,26.64862,84.91656,126158
Motipur,,26.25267,85.16076,28572
Mubarakpur,,26.08866,83.29088,53263
Mudalgi,,16.33685,74.96768,29128
Muddebihāl,,16.33782,76.13173,34217
Mudgal,,16.01191,76.44203,22731
Mudhol,,16.33354,75.28305,52199
Mudkhed,,19.15657,77.50304,23517
Mugalivakkam,,13.02054,80.16528,25117
Muhamma,,9.60886,76.36083,25861
"Muhammadābād (36) [25.62, 83.76]",,25.61907,83.75576,33186
"Muhammadābād (36) [26.03, 83.38]",,26.03404,83.38114,24146
"Muhammadābād (36) [27.31, 79.43]",,27.30895,79.43252,22151
Mukandgarh,,27.95208,75.22431,18469
Mukandpur,,28.73944,77.18315,57135
Mukeriān,,31.95394,75.61716,29841
Mukher,,18.70636,77.36795,28647
Muktsar,,30.47426,74.5166,116747
Mulakumūd,,8.26809,77.28599,19538
Mulamthuruthy,,9.90032,76.38701,25852
Mulavukad,,10.0136,76.26306,21833
Mulbāgal,,13.16352,78.39346,57276
Mulgund,,15.2807,75.52132,18928
Mullānwāla,,31.06189,74.82277,16183
Multai,,21.77463,78.25756,29976
Mulugu,,18.191,79.943,297671
Muluppilagadu,,11.79788,75.45111,23709
Mumbai,,19.07283,72.88261,12691836
Mundargi,,15.20677,75.8839,24919
Munderi,,11.93028,75.44546,21676
Mundgod,,14.97144,75.03658,18866
Mundra,,22.83918,69.7219,20338
Mungaoli,,24.40837,78.09588,26192
Mungeli,,22.06566,81.68543,36450
Munger,,25.37459,86.47455,213303
Munnar,,10.08818,77.06239,68000
Murbād,,19.25395,73.38993,18725
Murlīganj,,25.8969,86.99577,28691
Murshidābād,,24.1839,88.27171,39557
Murtajāpur,,20.73299,77.36694,40295
Murudeshwara,,14.0943,74.4845,17938
Murugampālaiyam,,11.08063,77.32381,26349
Murwāra,,23.83776,80.39405,221883
Murādnagar,,28.78069,77.49865,89482
Murādābād Pahāri,,28.56456,77.15126,21502
Mushābani,,22.51135,86.45713,32761
Musiri,,10.95299,78.44427,30209
Mussoorie,,30.45498,78.07068,25753
Mustafābād,,28.71974,77.26781,127167
Muthukulam,,9.2168,76.4592,20740
Muthupet,,10.39505,79.49353,21722
Muthutala,,10.83544,76.15958,24861
Muttanampālaiyam,,11.08453,77.3969,26014
Muttayyāpuram,,8.7498,78.13112,32494
Muvattupuzha,,9.97985,76.57381,30397
Muzaffarnagar,,29.47091,77.70332,349706
Muzaffarpur,,26.12259,85.39055,354462
Mysuru,,12.29791,76.63925,920550
Māchai,,15.79261,74.48414,18073
Mācherla,,16.47635,79.43533,57290
Māchhīwāra,,30.91557,76.20016,24916
Mādāyi,,12.03427,75.23779,35888
Māgadi,,12.95706,77.22374,27605
Mākum,,27.48652,95.43646,16923
Māler Kotla,,30.5309,75.87949,135424
Māliya,,23.09296,70.75885,15964
Mālpura,,26.2838,75.36458,36028
Mālvan,,16.05981,73.4629,18858
Mālūr,,13.00322,77.93798,40050
Māmidālapādu,,15.85409,78.01481,26694
Māndal,,25.44126,74.56979,23478
Māndalgarh,,25.19407,75.07215,21569
"Māndvi (09) [21.26, 73.30]",,21.25526,73.30412,18669
"Māndvi (09) [22.83, 69.35]",,22.83282,69.35237,51376
Mānesar,,28.35311,76.94036,23448
Māngrol (09),,21.12268,70.11484,69779
Māngrol (24),,25.33061,76.50973,25073
Māniyūr,,11.55221,75.65026,21820
Mānsa (09),,23.42564,72.65739,30347
Mānsa (23),,29.98844,75.40167,82956
Mānvi,,15.99126,77.05034,46465
Mānāvadar,,21.49813,70.13775,30850
Mārahra,,27.7368,78.56891,18873
Māranchēri,,10.74051,75.97096,35011
Mārkāpur,,15.73534,79.26848,71092
Mātābhānga,,26.34197,89.21555,22642
Māvelikara,,9.25929,76.55642,28300
Māyābandar,,12.90954,92.90348,23912
Mēppādam,,9.32416,76.4934,17067
Mīnjūr,,13.27951,80.25815,28337
Mīnād,,8.85031,76.69516,29716
Mīrganj,,28.54012,79.20817,15335
Mīrānpur,,29.29026,77.94939,27390
Mīrānpur Katra,,28.02963,79.66778,29626
Mīthepur,,28.4974,77.31856,69837
Mūdbidri,,13.06653,74.99525,30632
Mūkondapalli,,12.75142,77.80169,39245
Mūl,,20.06987,79.67826,25449
Mūlanūr,,10.79426,77.7115,15223
Mūlki,,13.09101,74.79353,17274
Mūllānpur,,30.85457,75.66089,16356
Mūndka,,28.68012,77.02975,54541
Mūndwa,,27.0631,73.82304,17465
Mūvattupula,,9.98493,76.57728,29664
Nabīnagar,,24.60681,84.12624,23984
Nadim Tiruvuru,,17.11209,80.6088,18567
Nadiād,,22.69385,72.86157,225071
Naduvannūr,,11.48772,75.77511,25979
Naduvattam,,10.87995,76.002,21273
Nagalapuram,,13.38836,79.79623,34026
Nagaon,,26.35,92.66667,121628
Nagapattinam,,10.76377,79.84313,102905
Nagar,,27.42397,77.09922,25572
Nagari,,13.32139,79.58557,62253
Nagda,,23.45834,75.41759,103501
Nagpur,,21.14631,79.08491,2405665
Nagīna,,29.44433,78.43646,76593
Naharlagun,,27.10467,93.69518,36158
Nahorkatiya,,27.286,95.328,18937
Naihāti,,22.89396,88.41521,253221
Nailā,,22.02074,82.5666,40561
Naini Tāl,,29.39743,79.44686,42309
Nainpur,,22.42996,80.10561,24914
Nainwa,,25.77145,75.84978,19485
Najafgarh,,28.60922,76.97982,1365000
Najībābād,,29.61194,78.34274,84006
Nakodar,,31.12586,75.47508,36973
Nakrekal,,17.16259,79.42754,29126
Naksalbāri,,26.6827,88.22001,57283
Nakūr,,29.91964,77.30438,23084
Nal Khera,,23.83602,76.24316,16690
Nalambūr,,13.08667,80.17028,21973
Nalbāri,,26.43937,91.44041,27839
Nalco,,20.86544,85.18283,19644
Naldurg,,17.81667,76.28182,18341
Nalgonda,,17.05439,79.26707,154326
Nalhāti,,24.29704,87.82899,25878
Nallavila,,8.20549,77.34439,16138
Nalloor,,8.30638,77.22398,17989
Nallūr,,11.1003,77.39136,70115
Nambiyūr,,11.35811,77.32115,16379
Nambol,,24.69557,93.81974,22512
Namminikara,,10.43216,76.25418,18067
Nanauta,,29.71215,77.41728,18738
Nanded,,19.16023,77.31497,550564
Nandigāma,,16.7717,80.28596,38219
Nandikotkūr,,15.85668,78.26569,45343
Nandri,,26.31157,73.10087,20827
Nandurbar,,21.36671,74.24051,111037
Nandyāl,,15.47799,78.4836,211424
Nangal,,31.38966,76.37574,48497
Nangavaram,,10.86924,78.53924,17629
Nangli,,31.68633,74.88747,20440
Nangli Sakrawat,,28.62169,76.9923,37706
Nani Daman,,20.41431,72.83236,62000
Nanjangūd,,12.11764,76.68397,50598
Nanminda,,11.42325,75.82308,27316
Nannambra,,10.99211,75.90799,40543
Napāsar,,27.96059,73.55913,21750
Naraina,,26.79069,75.20608,17048
Naraingarh,,30.47798,77.12804,22832
Naraini,,25.19033,80.475,15077
Narakal,,10.03833,76.2221,23760
Narasannapeta,,18.41428,84.04463,26280
Narasapur,,16.43425,81.69845,59306
Narasaraopet,,16.23488,80.04927,117489
Narasimhanaickenpalayam,,11.11732,76.93631,17858
Narasingapuram,,11.60379,78.57782,23084
Narauli,,28.48547,78.71484,17945
Naraura,,28.20147,78.38723,22432
Naregal,,15.57316,75.80805,17403
Narela,,28.85267,77.09288,800000
Nargund,,15.72299,75.38666,36291
Narkatiāganj,,27.10383,84.46185,49507
Narkher,,21.47231,78.53415,21127
Narmadapuram,,22.74747,77.72736,117988
Narnaul,,28.04444,76.10833,74581
Naroli,,20.27354,72.94167,16260
Narsampet,,17.92786,79.89227,30963
Narsimhapur,,22.94936,79.18357,59966
Narsinghgarh,,23.70758,77.09319,32329
Narsīpatnam,,17.66709,82.61245,33757
Narwar,,25.6439,77.9129,19385
Narwāna,,29.59903,76.11927,62090
Nashik,,19.99727,73.79096,1486053
Nasrullāhganj,,22.6837,77.27069,23788
Nasīrābād,,26.30473,74.73364,51747
Natham,,10.22776,78.22969,23660
Nattakam,,9.54533,76.51414,38599
Nattappettai,,12.81871,79.74925,19883
Naubatpur,,25.49856,84.96084,25011
Naugachhia,,25.38807,87.09906,49069
Nautanwa,,27.42752,83.41789,32587
Navadwīp,,23.4067,88.36861,111123
Navalgund,,15.55877,75.35305,24613
Navalpattu,,10.75051,78.77626,16788
Navi Mumbai,,19.03681,73.01582,2600000
Navsari,,20.94237,72.92467,171109
Navāpur,,21.16157,73.79399,34207
Nawalgarh,,27.85161,75.27384,63948
Nawanshahr,,31.1245,76.11613,46024
"Nawābganj (36) [26.86, 82.14]",,26.86396,82.14103,17015
"Nawābganj (36) [26.93, 81.20]",,26.93129,81.19841,79246
"Nawābganj (36) [28.54, 79.63]",,28.54103,79.63462,34134
Nawāda,,24.8867,85.54364,98029
Nawāpāra,,20.97173,81.85884,29315
Naya Gaon,,30.77515,76.79308,50869
Nayāgarh,,20.12882,85.09626,17030
Nazareth,,8.56102,77.97214,16584
Neb Sarai,,28.50841,77.20063,15640
Nedumangād,,8.60267,77.00139,60161
Nedumbassery,,10.15646,76.40167,29706
Nedumpana,,8.90796,76.69298,29454
Neduva,,11.05669,75.86685,35996
Neelagiri,,10.75943,79.09337,16197
Neelankarai,,12.9495,80.2592,76600
Neem ka Thana,,27.73976,75.78652,36231
Nelamangala,,13.09978,77.39364,37232
Nellikkuppam,,11.77554,79.67016,46678
Nellimarla,,18.15619,83.44727,20498
Nellore,,14.44992,79.98697,547621
Nepānagar,,21.4538,76.39335,32611
Ner,,20.48971,77.86632,29302
Neral,,19.02475,73.31688,18429
Nerkunram,,13.06194,80.20944,59790
Nerupperichchal,,11.16105,77.37398,53579
New Delhi,,28.62137,77.2148,317797
Neyveli,,11.60877,79.4994,179150
Neyyāttinkara,,8.39854,77.08586,88104
Ngūr,,23.53798,93.3732,32734
Nichlaul,,27.31247,83.7253,17567
Nidadavole,,16.90572,81.67222,44173
Nihtaur,,29.32416,78.38724,48389
Nilagiri,,21.46235,86.76794,17264
Nilakottai,,10.165,77.85024,22197
Nilambūr,,11.27271,76.22571,46366
Nilanga,,18.11675,76.75279,36172
Nildoh,,21.11075,78.98915,38157
Nilithi,,28.65201,77.05644,43371
Nimach,,24.45949,74.86625,128561
Nimāparha,,20.05756,86.00436,19289
Nipāni,,16.399,74.38285,62865
Nirmal,,19.09685,78.34407,88433
Nirmāli,,26.31397,86.58537,20189
Nithari,,28.70489,77.05285,50464
Nivāri,,25.34911,78.79974,23724
Niwai,,26.36073,75.91836,37765
Niz-Hajo,,26.24942,91.5243,15188
Nizāmābād,,18.67154,78.0988,311152
Nohar,,29.18292,74.77064,49835
Nohsa,,25.56528,85.05599,16680
Noida,,28.58,77.33,293908
Nokha (24),,27.56155,73.47141,62699
Nokha (34),,25.10479,84.1162,27302
Nongpoh,,25.9023,91.87694,17055
Nongstoin,,25.51704,91.26484,28742
Nongthymmai,,25.5637,91.9064,38004
North Guwāhāti,,26.19749,91.7202,17516
North Lakhimpur,,27.23517,94.10357,59841
Nowgong,,25.06136,79.44125,40580
Nowrangapur,,19.23114,82.54826,1220946
Nowrozabad,,23.35219,80.9806,21883
Noāmundi,,22.16094,85.50416,17954
Nābha,,30.37577,76.15292,67972
Nādbai,,27.22288,77.19569,26411
Nādāpuram,,11.68465,75.65493,40230
Nāgamangala,,12.81939,76.75456,17776
Nāgar Karnūl,,16.4821,78.32471,29439
Nāgaur,,27.20201,73.73394,105218
Nāgercoil,,8.17899,77.43227,224849
Nāgod,,24.56924,80.58809,22568
Nāgāvaram,,17.48862,78.60208,30502
Nāhan,,30.56029,77.29426,28899
Nāmagiripettai,,11.45513,78.26818,22098
Nāmakkal,,11.22126,78.16524,55997
Nāmrup,,27.19395,95.31929,18432
Nāndgaon,,20.3068,74.65501,24209
Nāndūra,,20.83417,76.45924,44419
Nāngloi Jāt,,28.67957,77.06799,205596
Nānjikkottai,,10.72925,79.14245,32689
Nānpāra,,27.86459,81.50036,46280
Nāranammālpuram,,8.75985,77.73986,17094
Nāravārikuppam,,13.19133,80.18473,20946
Nārnaund,,29.22047,76.14278,17242
Nārsala,,21.08973,79.13586,17330
Nārāinpur,,19.71794,81.24437,22106
Nārāyankher,,18.03413,77.77284,15610
Nārāyanpet,,16.74799,77.4954,41752
Nāspur,,18.84577,79.46165,31244
Nāsriganj,,25.0514,84.32839,23819
Nāteputa,,17.89895,74.75222,17930
Nāthdwāra,,24.93805,73.82392,42016
Nāwa,,27.0195,75.00226,22088
Nāyanakulam,,9.96115,78.13715,23284
Nāyudupet,,13.90742,79.89465,45769
Nīlokheri,,29.83671,76.93191,17938
Nīlēshwar,,12.25953,75.1352,25405
Nīmbāhera,,24.62166,74.67999,61949
Nīmāj,,26.14995,74.00094,20424
Nīsang,,29.69229,76.75464,17438
Nūh,,28.10296,77.00144,16260
Nūrpur,,29.14956,78.4084,39077
Nūzvīd,,16.78854,80.84593,58590
Obra,,24.41863,82.98797,56110
Ochira,,9.13478,76.51169,28412
Od,,22.62104,73.11725,23250
Oddanchathiram,,10.48013,77.74977,30064
Okha,,22.46756,69.07002,62052
Olavanna,,11.21836,75.83248,43895
Omalur,,11.74099,78.04559,16279
Ongallur-I,,10.80268,76.21855,16998
Ongallur-II,,10.78974,76.21898,26273
Ongole,,15.50357,80.04454,208344
Ooty,,11.4134,76.69521,233426
Orai,,25.99023,79.45334,158265
Othukkungal,,11.0283,76.02903,39139
Ottakkadai,,9.95795,78.18863,15152
Ottapalam,,10.7735,76.37758,53792
Ozar,,20.09473,73.92816,51297
Pachgaon,,16.66024,74.22735,22353
Pachor,,23.70982,76.73387,27396
Pachperwa,,27.51234,82.64297,15056
Pacode,,8.3352,77.21361,24050
Padam,,33.46659,76.88488,25000
Padampur (21),,20.99932,83.06325,16387
Padampur (24),,29.70885,73.62539,18454
Padmanābhapuram,,8.24462,77.32581,21342
Padmapur,,21,83.06667,17625
Padra,,22.2398,73.08451,46660
Padrauna,,26.90403,83.98087,47181
Pahāsu,,28.1722,78.06376,18854
Painkulam,,8.26023,77.17396,23630
Paippad,,9.42462,76.58481,21338
Paithan,,19.47506,75.38558,41536
Pakridayal,,26.56271,85.0452,29582
Pakur,,24.63925,87.84239,45840
Palai,,9.71306,76.68331,22056
Palakkad,,10.77319,76.65366,132728
Palakollu,,16.5167,81.73,81199
Palangarai,,11.19782,77.30583,17248
Palani,,10.45034,77.5209,70467
Palappallam,,8.20946,77.24761,18589
Palavakkam,,12.9535,80.2572,26766
Palavansathu,,12.89306,79.13445,22176
Palayad,,11.55051,75.62887,18141
Palera,,25.02013,79.22818,17493
Paliā Kalān,,28.43205,80.58137,38547
Palladam,,10.99175,77.28633,42225
Pallappatti,,10.72057,77.87951,30624
Pallichal,,8.44976,77.02573,53861
Pallikal,,11.13723,75.92575,46962
Pallikaranai,,12.9377,80.2153,43493
Pallikonda,,12.90518,78.9427,23067
Pallikunnu,,11.88993,75.35652,27820
Pallipalayam,,11.36523,77.76235,40140
Pallippatti,,11.9399,78.40161,26492
Pallipuram,,9.75502,76.35724,28276
Pallāvaram,,12.96796,80.15025,233984
Palmaner,,13.2,78.74725,54035
Palugal,,8.35362,77.1859,18276
Palwal,,28.14469,77.32546,131926
Palwal Rural,,28.14555,77.35132,23072
Palwancha,,17.58152,80.67651,80199
Palāsa,,18.77257,84.41012,65833
Pammal,,12.975,80.13472,75870
Panachikkad,,9.52974,76.54062,43595
Panangad,,10.27284,76.17475,15630
Panayāttur Vadakkumbhāgam,,8.95457,76.6185,25607
Panchkula,,30.69461,76.8504,211355
Pandaria,,22.22495,81.40994,16165
Pandharpur,,17.67924,75.33098,98923
Pandit Deen Dayal Upadhyaya Nagar,,25.28307,83.11968,109650
Pandua,,23.07492,88.28637,28205
Panipat,,29.38747,76.96825,295970
Panipat Taraf Ansar,,29.41223,76.9547,42877
Panipat Taraf Makhdum Zadgan,,29.41607,76.98831,67998
Panipat Taraf Rajputan,,29.36089,76.94258,28803
Panjim,,15.49574,73.82624,70991
Panna,,24.72094,80.18772,59091
Panniyannūr,,11.74859,75.57558,22308
Panoor,,11.75938,75.57835,17438
Panruti,,11.77662,79.55269,60323
Panth Pīplia,,24.19511,75.00603,15070
Pantheeramkavu,,11.23052,75.85178,24537
Panvel,,18.98878,73.11013,195373
Panāgar,,23.28539,79.99509,27932
Papanasam,,10.92687,79.27056,17548
Pappinivattom,,10.29372,76.15835,15336
Paralakhemundi,,18.77619,84.09504,87152
Paramagudi,,9.54633,78.5907,95579
Paramathi Velur,,11.1916,77.9563,25012
Paranda,,18.26321,75.46316,18758
Parangipettai,,11.49117,79.76053,25541
Parappur,,11.01213,75.99471,36270
Paravai,,9.96453,78.0667,20042
Paravūr Tekkumbhāgam,,8.7947,76.66798,38946
Parbhani,,19.26855,76.77081,307170
Pariyāpuram,,11.01667,75.86667,22766
Pariyāram,,12.05876,75.32476,20405
Parli Vaijnāth,,18.85057,76.53163,94863
Parola,,20.88098,75.11937,37666
Partūr,,19.59925,76.21541,35883
Parvatsar,,26.88604,74.76602,15405
Parādīp Garh,,20.31641,86.6085,85868
Parāsia,,22.1913,78.75904,42786
Parīchhatgarh,,28.97841,77.93422,18990
Parūr,,10.1477,76.23,31503
Pasan,,23.16485,81.92859,28447
Pasthal,,19.82018,72.72959,18194
Pasān,,22.84412,82.19823,30928
Patancheru,,17.53334,78.2645,46821
Pataudi,,28.32547,76.77858,20418
Patdi,,23.19602,71.79171,17725
Pathalgaon,,22.55656,83.46355,16613
Pathanāmthitta,,9.26667,76.78333,38285
Patharia,,23.89921,79.19393,21026
Pathirappally,,9.53539,76.32205,27445
Pathānkot,,32.27484,75.65287,174306
Patiriyat,,11.84896,75.51473,18008
Patiāla,,30.33625,76.3922,446246
Patna,,25.59408,85.13563,1684297
Patnāgarh,,20.70833,83.13263,21024
Patran,,29.9577,76.0486,27963
Patrātu,,23.66505,85.30353,32899
Pattamadai,,8.67258,77.58447,16625
Pattan,,34.16125,74.55634,19538
Patti,,31.28092,74.85849,40976
Pattiyūrgrāmam,,9.17744,76.50115,23460
Pattukkottai,,10.42358,79.31949,73135
Pattāmbi,,10.80005,76.18408,28632
Patuvilāyi,,11.86561,75.52327,20598
Patāmundai,,20.57806,86.56063,36528
Pauri,,30.15286,78.7771,26514
Pawni,,20.79229,79.63644,23450
Pawāyan,,28.06626,80.10305,25708
Payakaraopeta,,17.36784,82.56826,27001
Payyanur,,12.0935,75.20249,72111
Pedana,,16.25582,81.14378,30721
Peddanāyakkanpālaiyam,,11.65104,78.50872,17678
Peddapalli,,18.61357,79.37442,41171
Peddāpuram,,17.07701,82.13836,49477
Pehlādpur Bāngar,,28.75058,77.081,22968
Pehowa,,29.97897,76.58249,39101
Pen,,18.73734,73.09603,37852
Penha de França,,15.51705,73.83537,15342
Pennādam,,11.40389,79.24156,19494
Pennāgaram,,12.13433,77.89525,17480
Penugonda,,16.65363,81.7455,23654
Penukonda,,14.08286,77.59473,20220
Peralassery,,11.83223,75.48252,16821
Perambalur,,11.23333,78.88333,49648
Peranāmpattu,,12.9343,78.7189,51271
Peravurani,,10.29035,79.20156,22084
Peringathur,,11.7137,75.58599,40292
Peringottupulam,,11.02682,76.0987,36602
Perinjanam,,10.31328,76.14847,21012
Perintalmanna,,10.97724,76.22541,49723
Periya Semūr,,11.36088,77.68952,55282
Periyakottai,,10.59095,77.27967,17356
Periyakulam,,10.12268,77.54372,42976
Periyanayakkanpalaiyam,,11.15255,76.95159,25930
Periyapatti,,11.20516,78.15118,15690
Perumanna,,11.2529,75.89059,35460
Perumbaikad,,9.61827,76.53127,42839
Perumbavoor,,10.10695,76.47366,28110
Perumpāvūr,,10.11544,76.47611,27105
Perundurai,,11.27564,77.58794,24930
Perungudi,,12.96095,80.24094,43111
Perunkalattu,,12.91823,80.08245,37342
Perunād,,8.94899,76.64274,35173
Peruvallur,,11.10483,75.93269,34941
Pethāpur,,23.26307,72.67386,23497
Petlād,,22.47681,72.79995,55330
Petlāwad,,23.01102,74.79772,15174
Phagwāra,,31.22452,75.77387,100146
Phalauda,,29.18824,77.82996,18545
Phalodi,,27.13102,72.36826,49914
Phaltan,,17.99113,74.43177,53202
Phaphūnd,,26.59888,79.46437,16675
Phek,,25.66667,94.5,15118
Phillaur,,31.01887,75.79111,24688
Phirangipuram,,16.29078,80.26233,17335
Phulbāni,,20.48101,84.23063,37371
Phulera,,26.87401,75.24171,26091
Phulpur,,25.54895,82.0895,22886
Phulwari Sharif,,25.57765,85.07246,81740
Phusro,,23.75644,86.0051,185555
Pichor,,25.17555,78.18863,18127
Pidugurālla,,16.47926,79.88632,63103
Pihānī,,27.61987,80.20343,30369
Pilibangan,,29.44964,74.10093,37288
Pilkhua,,28.71271,77.656,74212
Pilāni,,28.36725,75.60352,29741
Pimpri,,18.62292,73.80696,1284606
Pimpri-Chinchwad,,18.61867,73.80375,1727692
Pinarāyi,,11.8049,75.481,16801
Pindwāra,,24.79749,73.05505,24487
Pinjaur,,30.79873,76.91822,35912
Pināhat,,26.88487,78.37647,19511
Pipariā,,22.75703,78.35499,48826
Pipili,,20.11357,85.83147,17623
Pipraich,,26.82745,83.52632,15856
Pipri,,20.78613,78.5936,23661
Piranvādi,,15.80202,74.48012,17874
Piravam,,9.86667,76.5,28254
Piriyāpatna,,12.33497,76.10073,16685
Piro,,25.33218,84.40454,33785
Pirthīpur,,25.20837,78.75158,26883
Pirāyiri,,10.76523,76.63178,41359
Pithampur,,22.60197,75.69649,126200
Pithorāgarh,,29.58349,80.20947,47571
Pithāpuram,,17.1168,82.25284,54859
Podaturpet,,13.28169,79.48538,35000
Podili,,15.60639,79.61489,31145
Pokaran,,26.92007,71.91631,23554
Polasara,,19.69386,84.81401,23119
Polavaram,,17.24754,81.64372,43710
Polichalur,,12.98913,80.14177,21906
Pollachi,,10.65825,77.0085,90180
Polūr,,12.51217,79.12405,28123
Ponda,,15.40341,74.01519,22664
Ponmana (13),,9.00798,76.52023,29139
Ponmana (25),,8.35525,77.3283,15554
Ponmundam,,10.95356,75.9468,25855
Ponneri,,13.33868,80.19487,31025
Ponnur,,16.07114,80.54944,59913
Ponnāni,,10.76695,75.92523,105512
Ponnūru,,16.06547,80.55203,57170
Poonamalle,,13.04888,80.11488,60607
Poranki,,16.47771,80.70755,25545
Porathissery,,10.37638,76.20149,16768
Porbandar,,21.64219,69.60929,152760
Porsa,,26.67444,78.37081,39669
Port Blair,,11.66613,92.74635,112050
Porur,,13.03565,80.15821,46690
Pottaneri Nallakavundanpatti,,11.80388,77.85673,25133
Pottanūr,,11.10983,77.98883,18455
Powai,,19.1164,72.90471,20000
Pratāpgarh,,24.03215,74.78162,42079
Prayagraj,,25.44478,81.84322,1073438
Proddatūr,,14.7502,78.54813,177797
Prāntij,,23.43605,72.84479,23596
Puducherry,,11.93381,79.82979,657209
"Pudukkottai (25) [10.38, 78.82]",,10.38128,78.82141,117630
"Pudukkottai (25) [9.94, 78.05]",,9.93731,78.05325,15769
Pudunagaram,,10.68018,76.68363,17892
Pudupattanam,,12.50855,80.14976,21151
Pudusseri,,10.75824,76.78594,16629
Pudussery West,,10.78802,76.72788,20140
Pudūr,,11.436,77.67603,17240
Pugalūr,,11.07401,78.02095,23408
Pujali,,22.46787,88.14524,37047
Pukhrāyān,,26.22375,79.83739,22555
Pul Pehlad,,28.49938,77.29104,69657
Pulgaon,,20.72204,78.32056,35238
Pulivendla,,14.42139,78.22502,65706
Puliyankannu,,12.93922,79.30787,20171
Puliyankudi,,9.17489,77.39799,66034
Pulwama,,33.87405,74.89955,20071
Punalūr,,9.01956,76.92261,47263
Pune,,18.51957,73.85535,3124458
Punganūru,,13.36672,78.57186,54746
Punjai Puliyampatti,,11.35163,77.16671,18967
Punnayūr,,10.65207,75.99512,19387
Punāsa,,22.23507,76.39335,350000
Pupri,,26.47079,85.70311,15129
Puri,,19.79825,85.82494,200564
Purnia,,25.77895,87.47422,282248
Puruliya,,23.33062,86.36303,122533
Purushottampur,,19.52024,84.88514,15366
Purwā,,26.45756,80.77403,22220
Purāini,,25.14257,86.97967,30829
Pusad,,19.91274,77.57838,73046
Pushkar,,26.49022,74.55211,21626
Puthencruz,,9.97734,76.41047,22378
Puthenvelikara,,10.18511,76.24537,33372
Puthuppally,,9.55752,76.57483,29635
Puthuppariyāram,,10.81314,76.62869,30895
Puthūr,,10.4874,76.27929,17430
Puttankulam,,8.8138,76.71791,29447
Puttūr (02),,13.44189,79.55314,54092
Puttūr (19),,12.75975,75.20169,53331
Puzhal,,13.16475,80.20385,31665
Puzhathi,,11.90112,75.38924,35212
Pāchchal,,12.51115,78.55524,16789
Pāchora,,20.66727,75.35305,59609
Pādiyanallūr,,13.20037,80.17606,23819
Pākāla,,13.44903,79.11493,24680
Pālaiyam,,10.72561,78.13538,15336
Pālaiyampatti,,9.53921,78.09843,18576
Pālakkodu,,12.30696,78.07022,20959
Pālanpur,,24.17128,72.43827,141592
Pālda,,22.68004,75.89391,18697
Pālghar,,19.69693,72.76543,72335
Pāli (24),,25.77276,73.32335,230075
Pāli (35),,23.36453,81.04374,22324
Pālitāna,,21.52519,71.82309,64497
Pālkonda,,18.60374,83.75568,29378
Pāloncha,,17.60184,80.70509,75224
Pāmban,,9.27904,79.21086,30926
Pāmpur,,34.01515,74.91895,21680
Pāmūru,,15.09633,79.41174,20000
Pānakkudi,,8.322,77.57711,29895
Pānchla,,22.53665,88.13785,23526
Pāndharkawada,,20.02108,78.54628,31094
Pāndhurnā,,21.59556,78.52628,45479
Pānihāti,,22.69089,88.37404,378705
Pāonta Sāhib,,30.43666,77.62462,25183
Pāppinisshēri,,11.95655,75.34034,35134
Pāppākurichchi,,10.81366,78.74813,24023
Pārassāla,,8.33869,77.15422,34096
Pārdi,,20.5087,72.94569,28495
Pārvatipuram,,18.78392,83.42569,53844
Pāsighāt,,28.06631,95.32678,25581
Pātan,,23.8507,72.12963,133737
Pāthardi,,19.17279,75.17425,27211
Pāthardih,,23.6658,86.43166,45276
Pāthri,,19.2588,76.43412,37648
Pāttyam,,11.79296,75.5641,20161
Pātūr,,20.46093,76.93725,21747
Pāvugada,,14.09953,77.28018,32063
Pīleru,,13.65584,78.93854,41489
Pīlibhīt,,28.63124,79.80436,131008
Pīpri,,19.79371,75.53519,23047
Pīpār,,26.38441,73.54394,36810
Pīrzādagūda,,17.39455,78.59047,32586
Pūlakkōd,,11.30975,75.94995,29872
Pūnch,,33.77033,74.09254,28197
Pūndri,,29.76096,76.56034,33484
Pūnāhāna,,27.86371,77.20432,24734
Pūranpur,,28.51283,80.14829,39988
Pūrna,,19.1817,77.02566,36433
Pūth Kalān,,28.7116,77.07887,96002
Pūvātūparamba,,11.271,75.88945,27598
Qadian,,31.82198,75.37663,23632
Quthbullapur,,17.50107,78.45818,225816
R.S. Pora,,32.60591,74.7334,15197
Rabkavi,,16.47567,75.1106,73835
Rabkavi-Banhatti,,16.47,75.12,77004
Raebareli,,26.2309,81.23315,186433
Rafiganj,,24.81757,84.63445,35536
Raghunathpur,,23.53878,86.6735,22802
Rahata,,19.71664,74.48109,22335
Rahimatpur,,17.5921,74.19966,17633
Raigarh,,21.89764,83.3966,150019
Raipur (24),,26.04259,74.02373,17537
Raipur (37),,21.23333,81.63333,1027264
Raipur Domana,,32.79844,74.78265,20238
Rairangpur,,22.26675,86.17385,34929
Raisen,,23.33033,77.7811,44162
Raja Pur Khurd,,28.63517,77.03303,19312
Rajakilpakkam,,12.91944,80.16972,37906
Rajamahendravaram,,17.00517,81.77784,376333
Rajaori,,33.37526,74.3092,29486
Rajapalayam,,9.45296,77.55335,130442
Rajauli,,24.64486,85.50028,30170
Rajgangpur,,22.2,84.583,51362
Rajpur,,21.94022,75.13608,20947
Rajpur Sonarpur,,22.4382,88.43205,424368
Rajpura,,30.47856,76.59284,92301
Rajākheri,,23.85931,78.7852,24232
Rakkiyapālaiyam,,11.10607,76.94253,18749
Ramagundam,,18.755,79.474,242979
Ramanathapuram,,9.37158,78.83077,65314
Ramanattukara,,11.17802,75.86892,35937
Ramanayyapeta,,16.94516,82.2385,28369
Ramapuram,,13.03179,80.18243,52295
Rameswaram (02),,14.74006,78.54259,19483
Rameswaram (25),,9.2885,79.31271,44856
Rampachodavaram,,17.44088,81.77558,25074
Rampur Hat,,24.17737,87.78275,53468
Rampura Phul,,30.27563,75.24253,51023
Ranchi,,23.34316,85.3094,1120374
Ranebennur,,14.62239,75.62951,106406
Rangat,,12.50595,92.9155,38824
Rangia,,26.44931,91.61356,27889
Rangāpāra,,26.83772,92.66876,18739
Ranjangaon S,,19.84404,75.21482,42877
Rasapūdipalem,,17.73308,83.31622,1728128
Rasipuram,,11.46009,78.18635,50244
Rasrā,,25.8576,83.85487,31876
Ratangarh,,28.08137,74.61854,71124
Ratanpur,,22.2866,82.16823,24636
Ratia,,29.69029,75.57688,37152
Ratlām,,23.33033,75.04032,264914
Ratnagiri,,16.99154,73.31022,76229
Raurkela Industrial Township,,22.19994,84.86176,216410
Raval,,21.91908,69.48179,19777
Raxaul,,26.97982,84.85065,55536
Rayachoti,,14.05723,78.75056,91234
Raybag,,16.49178,74.77391,18736
Reddipālaiyam,,13.10778,80.12056,29511
Reengus,,27.3636,75.56838,26139
Reethapuram,,8.1843,77.24805,21177
Rehli,,23.63722,79.06275,30329
Remuna,,21.52798,86.87156,33378
Renigunta,,13.65143,79.51256,26031
Renukūt,,24.21641,83.0358,62413
Renwāl,,27.15767,75.35808,29201
Reoti,,25.85091,84.3778,23819
Repalle,,16.0184,80.82958,50866
Resubelpara,,25.90404,90.60747,19595
Revelganj,,25.78976,84.63596,39039
Rewa,,24.53256,81.29234,235654
Rewāri,,28.199,76.6183,143021
Richha,,28.69467,79.52284,19459
Rijokri,,28.51387,77.1151,19148
Rishra,,22.72394,88.34563,117014
Rishīkesh,,30.10778,78.29255,66390
Risod,,19.97671,76.78799,34136
Robertsganj,,24.6886,83.06784,37855
Robertsonpet,,12.95629,78.27539,162230
Roha,,18.43687,73.11964,90000
Rohini,,28.74322,77.06778,860000
Rohtak,,28.89447,76.58917,374292
Ron,,15.69935,75.73408,23311
Roorkee,,29.86632,77.89118,103894
Ropar,,30.96896,76.52695,56038
Rosera,,25.75494,86.03155,31155
Roshanpura,,28.60057,76.98918,57217
Rourkela,,22.22496,84.86414,273317
Rudrapur,,28.98,79.4,154554
Rura,,26.49001,79.90108,15908
Rusera,,25.75355,86.02597,28781
Rādhanpur,,23.83238,71.6047,39558
Rāghogarh,,24.44318,77.19768,63873
Rāhatgarh,,23.78968,78.39473,31537
Rāhon,,31.05275,76.11907,15676
Rāhuri,,19.39069,74.64979,38813
Rāichūr,,16.20546,77.35567,234073
Rāiganj,,25.61281,88.12449,170252
Rāikot,,30.65,75.6,28734
Rāipur,,30.31097,78.08979,27702
Rāisinghnagar,,29.53583,73.44917,29626
Rāj-Nāndgaon,,21.09687,81.0289,163114
Rājaldesar,,28.02849,74.47442,27419
"Rājgarh (24) [27.24, 76.62]",,27.23731,76.62243,26953
"Rājgarh (24) [28.64, 75.39]",,28.64201,75.38612,59193
"Rājgarh (35) [22.68, 74.94]",,22.67821,74.94483,17113
"Rājgarh (35) [24.01, 76.73]",,24.00826,76.7325,29726
Rājgurunagar,,18.86667,73.9,25146
Rājgīr,,25.02828,85.42079,41587
Rājkot,,22.29161,70.79322,1390640
Rājmahal,,25.05303,87.83048,22514
Rājpīpla,,21.86667,73.5,35392
Rājsamand,,25.07145,73.8798,67798
Rājula,,21.03854,71.44345,38489
Rājākhera,,26.89802,78.171,33666
Rājūra,,19.77947,79.36459,29668
Rāmachandrapuram,,16.83636,82.02871,43657
Rāmachandrapuran,,17.51258,78.28854,15381
Rāmachettipālaiyam,,10.95818,76.92013,17809
Rāman,,29.95045,74.97852,22553
Rāmavarappādu,,16.52086,80.68078,22222
Rāmdurg,,15.94579,75.29785,34800
Rāmganj Mandi,,24.64648,75.94325,41328
"Rāmgarh (24) [27.25, 75.18]",,27.25097,75.17893,29834
"Rāmgarh (24) [28.17, 74.98]",,28.17096,74.97973,33024
Rāmgarh (38),,23.6303,85.52156,88781
Rāmgundam,,18.80084,79.45206,452261
Rāmjībanpur,,22.82815,87.60888,18318
Rāmnagar (34),,27.16371,84.32342,48411
Rāmnagar (36),,25.26907,83.02971,44277
Rāmnagar (39),,29.3925,79.1283,51244
Rāmpur (21),,21.07351,84.34095,15379
"Rāmpur (36) [28.81, 79.03]",,28.81014,79.02699,296418
"Rāmpur (36) [29.81, 77.45]",,29.8062,77.45251,26257
Rāmpura (23),,30.256,75.24116,45639
Rāmpura (35),,24.467,75.43996,18495
Rāmtek,,21.39562,79.32725,23404
Rāmāpuram,,13.10091,79.1841,31169
Rāni Khera,,28.70604,77.02584,16402
Rānia,,29.52454,74.83689,25123
Rāniganj,,17.42841,78.49361,217910
Rānikhet,,29.64082,79.43229,19873
Rānipet,,12.92471,79.33331,264330
Rānpur,,22.35161,71.71179,16944
Rānāghāt,,23.17623,88.56667,70984
Rānāvāv,,21.68734,69.74485,46018
Rānīganj,,23.6164,87.13061,131261
Rānīpur,,25.25034,79.06204,18820
Rāpar,,23.57267,70.64718,28407
Rāth,,25.59474,79.5666,61728
Rātu,,23.42045,85.21459,22379
Rāver,,21.24757,76.03509,27039
Rāvu,,22.63727,75.81474,36055
Rāwatbhāta,,24.92981,75.59209,37699
Rāwatsār,,29.26724,74.40288,35102
Rāya,,27.55607,77.78972,20008
Rāyadrug,,14.69971,76.85241,61749
Rāyagada,,19.17132,83.41428,71208
Rāzampeta,,14.19544,79.15896,54050
Rāzām,,18.44909,83.65957,42197
Rūdarpur,,26.44467,83.61302,30873
Sabalgarh,,26.24918,77.40786,40333
Sachīn,,21.08718,72.88153,28102
Sadalgi,,16.5587,74.53211,23790
Sadasivpet,,17.61925,77.95263,47920
Sadulshahar,,29.9087,74.17567,24980
Sadābād,,27.43818,78.03758,36093
Safidon,,29.40596,76.67042,34728
Safīpur,,26.73783,80.3435,24801
Sagauli,,26.7639,84.74341,38815
Saharsa,,25.87498,86.59611,156540
Sahaspur,,29.12125,78.62273,24452
Sahaswān,,28.07227,78.75082,60953
Sahāranpur,,29.9679,77.54522,484873
Sahāwar,,27.79603,78.83373,22201
Saidpur,,25.53749,83.22378,22904
Saiha,,22.49183,92.98143,25110
Saint Thomas Mount,,13.00334,80.19614,43795
Sainthia,,23.94826,87.68045,43221
Saiyad-ul-ajaib,,28.51923,77.20352,17914
Sakleshpur,,12.94119,75.78467,24931
Saknepalli,,18.92862,79.45712,32385
Sakri,,20.99104,74.31475,21764
Saktī,,22.02662,82.96091,21955
Salangaippālaiyam,,11.42599,77.57074,15609
Salem,,11.65376,78.15538,917414
Saligram,,13.49908,74.70943,15123
Salāya,,22.31038,69.60376,33246
Sambalpur,,21.46527,83.97573,189366
Sambhal,,28.58498,78.56959,196109
Samdari,,25.81299,72.57879,17915
Samrāla,,30.83601,76.19324,19678
Samthar,,25.84348,78.90683,21582
Samurou,,24.70095,93.90332,16582
Samālka,,28.53499,77.09079,17076
Samālkha,,29.23552,77.01273,39710
Samāna,,30.15395,76.19851,54072
Samāstipur,,25.86222,85.77953,67925
Sanaur,,30.30182,76.45786,21201
Sancoale,,15.37794,73.90352,21923
Sandīla,,27.06989,80.51497,53182
Sandūr,,15.08613,76.54692,37431
Sangamner,,19.56784,74.21154,67309
Sangariā,,29.79886,74.46683,38638
Sangod,,24.92707,76.28649,21846
Sangrūr,,30.24506,75.84488,88615
Sangāreddi,,17.62477,78.08669,72344
Sanjan,,20.19165,72.81827,15544
Sankagiri,,11.47599,77.86637,29467
Sankarankovil,,9.17048,77.54107,57277
Sankarapatti,,10.0477,78.74719,26536
Sankaraperi,,8.83868,78.10513,19844
Sankeshwar,,16.25649,74.48195,34637
Santrampur,,23.19019,73.89526,19465
Sanāwad,,22.17391,76.06993,38740
Saoner,,21.3851,78.92155,32498
Saraipali,,21.3153,83.00629,20043
Sarangpore,,21.63585,73.04752,16671
Sarapāka,,17.69129,80.86998,22149
Sarauli,,28.49404,79.09177,20923
Sardhana,,29.14551,77.61433,49857
Sardulgarh,,29.69224,75.23608,19219
Sardārshahr,,28.44062,74.491,95911
Sarigam INA,,20.28845,72.85029,19903
Sarjamda,,22.74759,86.22573,23788
Sarkhej,,22.98297,72.50196,30341
Sarwar,,26.24252,75.12875,20372
Sarāi Mīr,,26.02705,82.91843,17849
Sarāi Ākil,,25.3789,81.51035,17443
Sasarām,,24.94942,84.01645,147408
Satara,,17.68589,73.99333,120195
Sathupalli,,17.24968,80.86899,40000
Sathyamangalam,,11.50526,77.23826,37816
Satna,,24.57726,80.82719,282977
Sattenapalle,,16.39381,80.15221,56721
Sattur,,9.35592,77.92457,31856
Satyāmangala,,13.01927,76.12434,18002
Satānā,,20.59483,74.20301,37701
Saugor,,23.83877,78.73874,274556
Saunda,,23.66453,85.32694,81915
Saundatti,,15.76615,75.11778,41215
Sausar,,21.65576,78.79669,27459
Savanūr,,14.97335,75.33724,40567
Savarkundla,,21.33726,71.3035,78354
Sawai Madhopur,,26.02301,76.34408,121106
Sawar,,25.75574,75.22292,20000
Sayan,,21.31977,72.88167,15324
Secunderabad,,17.50427,78.54263,204182
Sedam,,17.17859,77.28998,39341
Sehore,,23.2,77.08333,109118
Selu,,19.45512,76.44073,46915
Senapparetti,,10.96251,78.11324,22447
Sendamangalam,,11.28111,78.23416,19750
Sendhwa,,21.68562,75.09622,56485
Seohāra,,29.20904,78.58837,46546
Seondha,,26.15422,78.7812,23140
Seoni,,22.08503,79.55037,102343
Seoni Chhapāra,,22.39388,79.54236,15371
Seoni Mālwa,,22.45046,77.4665,30100
Seppa,,27.36173,93.03991,18350
Serchhīp,,23.29312,92.84679,21158
Serilingampalle,,17.49313,78.30196,150525
Settiyārpatti,,9.3935,77.49348,17520
Settūr,,9.40564,77.47841,20228
Sevilimedu,,12.80826,79.68636,23454
Shafi Pur Ranhola,,28.65729,77.04001,31944
Shahbazpur,,26.30511,87.28865,38000
Shahdol,,23.29356,81.3619,89289
Shahuwadi,,16.90993,73.94654,180322
Shaktinagar,,16.36491,77.35863,17088
Shamshabad,,17.25186,78.41835,32583
"Shamsābād (36) [27.02, 78.12]",,27.01718,78.12358,31009
"Shamsābād (36) [27.54, 79.44]",,27.5371,79.43796,25266
Shegaon,,20.7932,76.69921,59672
Shehera,,22.95084,73.63118,19175
Sheikhpura,,25.13994,85.84096,62927
Shella,,25.17861,91.63952,54039
Shendurjana,,21.52488,78.2835,21748
Shenkottai,,8.97741,77.24633,26823
Sheoganj,,25.13915,73.06784,28053
Sheohar,,26.51393,85.29341,28116
Sheopur,,25.66472,76.69616,71951
Sherghāti,,24.5595,84.79162,40666
Sherkot,,29.32704,78.57429,57361
Shertallai,,9.68581,76.33996,45474
Shiggaon,,14.99053,75.22499,28207
Shikaripura,,14.2698,75.35643,36015
Shikohābād,,27.108,78.58661,99678
Shikārpūr,,28.28072,78.01411,34649
Shillong,,25.56892,91.88313,143229
Shimla,,31.10442,77.16662,173503
Shiraguppi,,16.61875,74.70907,25000
Shirdi,,19.76616,74.47738,36004
Shirhatti,,15.23352,75.57996,17610
Shirpur,,21.34821,74.88035,76905
Shivaji Nagar,,18.53017,73.85263,1000000
Shivamogga,,13.93157,75.56791,322650
Shivpur Charcha,,23.32888,82.52809,23514
Shivpuri,,25.42378,77.66223,179977
Sholapur,,17.67152,75.91044,997281
Sholavandan,,10.0216,77.96087,22578
Sholinganallur,,12.88996,80.23127,35602
Sholinghur,,13.1181,79.42025,30856
Shopian,,33.71723,74.83413,16360
Shorāpur,,16.521,76.75738,51398
Shrirampur,,19.62201,74.65699,89282
Shrivardhan,,18.05318,73.0011,15123
Shrīgonda,,18.61527,74.69895,31134
Shrīrangapattana,,12.42264,76.68439,25061
Shrīrāmpur,,22.75278,88.34222,226317
Shujālpur,,23.40673,76.7098,51225
Shyamnagar,,22.83333,88.36667,441956
Shādīpur Julāna,,29.12368,76.40516,18755
Shāhganj,,26.04965,82.68423,26510
Shāhgarh,,24.31365,79.11806,16300
Shāhi,,28.55023,79.31761,16064
Shāhjānpur,,27.88165,79.90918,320434
Shāhpur (19),,16.69605,76.8422,53366
Shāhpur (34),,25.60293,84.40412,17767
Shāhpur (35),,21.23742,76.22558,19719
Shāhpur (36),,29.3501,77.5516,18874
"Shāhpura (24) [25.62, 74.92]",,25.62094,74.92487,29259
"Shāhpura (24) [27.39, 75.96]",,27.3912,75.95956,33895
Shāhābād (10),,30.16776,76.87046,42607
Shāhābād (19),,17.1307,76.94361,52952
"Shāhābād (36) [27.64, 79.94]",,27.6431,79.9402,73606
"Shāhābād (36) [28.57, 79.01]",,28.56681,79.00956,34962
Shāhāda,,21.54538,74.47106,61376
Shājāpur,,23.42637,76.27775,69263
Shāmgarh,,24.18817,75.63903,24637
Shāmli,,29.4497,77.30959,97966
Shāntipur,,23.24723,88.43302,149983
Shīshgarh,,28.72928,79.31469,23471
Shōranūr,,10.76181,76.27078,43533
Sibsāgar,,26.98427,94.63784,62104
Siddhapur,,23.91783,72.37212,61867
Siddipet,,18.10483,78.84858,66737
Sidhaulī,,27.28202,80.8345,22193
Sidhi,,24.4038,81.87954,54331
Sidlaghatta,,13.38896,77.86444,51159
Sihor,,21.71134,71.96179,54547
Sihorā,,23.4871,80.10404,44048
Sijua,,23.77617,86.33028,31537
Sikandarpur,,26.04327,84.05298,24177
Sikandarābād,,28.45226,77.70004,73379
Sikandra Rao,,27.68859,78.37985,42229
Sikka,,22.43218,69.84158,28814
Silao,,25.08358,85.42804,25674
Silapathar,,27.59441,94.72402,25662
Silchar,,24.82733,92.79787,178865
Siliguri,,26.71004,88.42851,515574
Sillod,,20.30303,75.65284,58230
Silvassa,,20.27386,72.99673,98265
Silvāni,,23.3026,78.44076,18623
Simdega,,22.61523,84.50208,42944
Simga,,21.6281,81.70376,16027
Sindgi,,16.91883,76.23368,37226
Sindhnūr,,15.76983,76.75581,75837
Sindi,,20.74238,78.5871,20956
Sindkhed Raja,,19.95363,76.12637,16434
Singampunari,,10.1862,78.415,18143
Singarāyakonda,,15.23046,80.02794,19400
Singrauli,,24.19973,82.67535,220257
Singur,,22.80917,88.22944,19402
Singānallūr,,10.99898,77.03238,31239
Singānuram,,18.82218,79.50171,20061
Singāpur,,17.46982,78.12574,24457
Sinnar,,19.84505,73.99866,65299
Sir Muttra,,26.51501,77.37212,17988
Siraspur,,28.75815,77.13087,30445
Sirgittī,,22.04713,82.14871,18428
Sirhind,,30.64321,76.38421,60847
Sirka,,23.64561,85.43333,19871
Sirohi,,24.88838,72.84794,39229
Sironj,,24.10313,77.69055,52460
Sirsa,,29.53489,75.02898,182534
Sirsi (19),,14.62072,74.83554,62882
Sirsi (36),,28.63916,78.64303,22549
Sirsilla,,18.38865,78.81048,83186
Sirsāganj,,27.05715,78.68661,29034
Siruguppa,,15.63,76.89217,52492
Sirumugai,,11.32137,77.00521,20066
Sirālkoppa,,14.3807,75.25007,16864
Sirūr,,18.8276,74.37475,37111
Sisauli (10),,30.14297,77.25959,22479
Sisauli (36),,29.41386,77.4689,15837
Siswā Bāzār,,27.14652,83.75803,19939
Sithurajapuram,,9.42137,77.78732,16860
Sitārganj,,28.9293,79.70436,24225
Siuliban,,23.7486,86.78477,24202
Siuri,,23.90806,87.52773,64659
Sivaganga,,9.84701,78.48358,42785
"Sivagiri (25) [11.12, 77.79]",,11.12026,77.78811,16779
"Sivagiri (25) [9.34, 77.43]",,9.34461,77.42911,23040
Sivagirippatti,,10.45015,77.53035,17306
Sivakasi,,9.44999,77.79797,234704
Siwān,,26.22096,84.35609,135066
Siwāna,,25.65154,72.42243,22067
Siwāni,,28.90909,75.61469,19143
Sohna,,28.24737,77.06544,36552
Sohāgpur,,22.70055,78.19522,25040
Sojat,,25.92493,73.66633,43023
Sojītra,,22.53884,72.71984,19403
Solan,,30.90908,77.10869,40283
Solsumba,,20.15749,72.78913,18796
Somandepalle,,14.00774,77.60846,18895
Someshwar,,13.49112,75.06646,22137
Sompeta,,18.94419,84.58449,18778
Sonepur (21),,20.83333,83.91667,20770
Sonepur (34),,25.69608,85.16669,37776
Songadh,,21.16966,73.56357,26515
Sonkach,,22.97166,76.34667,16545
Sonpet,,19.02594,76.47394,15765
Sonāmukhi,,23.30521,87.41336,28334
Sonāri,,27.02462,95.01629,19810
Sonīpat,,28.99478,77.01937,289333
Sopur,,34.28671,74.47228,71292
Sorada,,19.76082,84.42997,15117
Soro,,21.27851,86.68833,32531
Soron,,27.89055,78.74621,28683
Soygaon,,20.59606,75.61765,23320
Soyāgaon,,20.5525,74.50687,34341
Soyībug,,34.07677,74.7057,104000
Sreekaryam,,8.54884,76.91716,23528
Sri Dūngargarh,,28.09617,74.00868,53294
Sri Ganganagar,,29.92009,73.87496,237780
Sri Mādhopur,,27.46599,75.59736,31366
Srikakulam,,18.2989,83.89751,137944
Srikalahasti,,13.75514,79.70143,80056
Srinagar,,34.08565,74.80555,1206419
Sriramnagar,,18.28329,83.53422,18893
Srirāmpur,,22.94849,88.01954,18682
Srisailam Project RFC Township,,16.07331,78.87412,21452
Srivaikuntam,,8.62931,77.91281,15847
Srivilliputhur,,9.51272,77.63369,75396
Srvanampatti,,11.07643,77.00449,32920
Srīkandamangalam,,9.65941,76.36335,23681
Srīnagar,,30.22243,78.78341,20216
Srīnivāspur,,13.33914,78.21175,26793
Srīperumbūdūr,,12.96763,79.94197,24864
Srīrāmnagar,,17.26652,78.25544,19550
Srīsailain,,16.07217,78.86816,24142
Srīvardhan,,18.04592,73.01552,15279
Sujānpur,,32.31625,75.60741,28270
Suket,,24.64609,76.0417,22319
Sullya,,12.561,75.38741,19958
Sultan Pur,,28.49555,77.16112,15160
Sultan Pur Majra,,28.68966,77.07648,181554
Sultanpur,,31.21468,75.19602,16877
Sultānganj,,25.23831,86.73559,52892
Sultānpur,,26.25788,82.07269,110368
Sulur,,11.02427,77.12565,27909
Sumbal,,34.23072,74.6472,15041
Sumerpur,,25.1543,73.08157,39132
Sunabeda,,18.7284,82.82932,50394
Sundakkāmpālaiyam,,10.56659,77.21354,16459
Sundarnagar,,31.53523,76.905,25338
Sundergarh,,22.11667,84.03333,45036
Sunel,,24.37065,75.95708,15840
Sunām,,30.12883,75.79943,69069
Supaul,,26.11527,86.59509,65437
Surajpur,,23.21347,82.86836,20189
Surat,,21.19594,72.83023,4591246
Suratgarh,,29.3215,73.89979,70536
Surendranagar,,22.72706,71.64856,179628
Suriānwān,,25.46387,82.41922,19157
Suriāpet,,17.14054,79.62045,111729
Suryaraopeta,,16.99961,82.22317,24112
Susner,,23.94667,76.08825,16432
Sutrāpāra,,20.84352,70.48318,26132
Suār,,29.02841,79.05654,28941
Sādatpur Gujran,,28.72834,77.24817,97641
Sādpalli,,17.20995,80.83642,31857
Sādri,,25.18555,73.45288,27390
Sāgar,,14.16498,75.02901,54550
Sāgwāra,,23.67951,74.02013,29439
Sāhibganj (34),,26.30831,84.92695,23224
Sāhibganj (38),,25.24425,87.63481,95890
Sāhibābād Daulotpur,,28.74705,77.11465,54773
Sālamedu,,11.90876,79.49188,20854
Sālūmbar,,24.13524,74.04442,16557
Sālūr,,18.51716,83.20548,50206
Sāmalkot,,17.05675,82.17639,56864
Sāmalāpuram,,11.07238,77.19796,20691
Sāmba,,32.56245,75.11993,26893
Sāmbhar,,26.90806,75.19137,22828
Sāmbūrvadakara,,8.99856,77.38763,16709
Sāmpla,,28.77718,76.77165,20563
Sānand,,22.99227,72.38177,95890
Sānchor,,24.75361,71.7728,32875
Sāndi,,27.28867,79.9519,25008
Sānehwāl,,30.84134,75.98547,22484
Sāngaria,,26.18872,73.02649,22853
Sāngli,,16.85438,74.56417,601214
Sāngola,,17.43948,75.19379,34321
Sānkrāil,,22.54997,88.22515,27523
Sānwer,,22.97415,75.8271,16150
Sāram,,23.76254,85.83003,15212
Sārangpur,,23.56651,76.47306,37435
Sārni,,22.10317,78.17159,86141
Sāsvad,,18.34351,74.03102,31821
Sātalkheri,,24.65218,75.99826,15617
Sāvantvādi,,15.90413,73.82191,23851
Sāvda,,21.15054,75.88938,20584
Sāvli,,22.56188,73.22317,18467
Sāyla,,22.54925,71.48324,15376
Sīkar,,27.61206,75.13996,244497
Sīlappādi,,10.39397,78.00781,17824
Sīra,,13.74155,76.9043,57928
Sīrkāzhi,,11.23725,79.73585,34927
Sītāmarhi,,26.59357,85.4906,67818
Sītāpur,,27.56192,80.68265,164435
Sōmēshvara,,12.80351,74.86472,24066
Sūjāngarh,,27.7,74.46667,183808
Sūleswaranpatti,,10.63885,77.00843,20104
Sūlūru,,13.7,80.01667,38065
Sūrajgarh,,28.31005,75.73271,21666
Sūrampatti,,11.32726,77.71122,41782
Sūrandai,,8.97574,77.41923,35272
Sūryampālaiyam,,11.40445,77.71227,28585
Tadepalligudem,,16.81467,81.52717,112655
Tadpatri,,14.90832,78.01031,108171
Taj Pul,,28.49482,77.30587,68796
Takhatgarh,,25.32235,73.00487,17285
Takhatpur,,22.12915,81.86959,19968
Talakkolattur,,11.35366,75.75798,29388
Talakkād,,10.88459,75.93091,35820
Talala,,21.05473,70.52903,21060
Talattala,,8.87382,76.67158,37517
Talegaon Dābhāde,,18.73502,73.67561,56435
Taleigao,,15.46915,73.83285,17148
Talikkulam,,10.44036,76.09483,25507
Taliparamba,,12.04161,75.35927,72465
Talod,,23.3514,72.94999,18298
Taloda,,21.56128,74.21238,26363
Talwandi Bhai,,30.85584,74.92979,17285
Talwandi Sābo,,29.98379,75.08203,20589
Talwāra,,31.9376,75.88657,24752
Talāja,,21.3527,72.03524,29948
Tambaram,,12.9246,80.12707,174787
Tamenglong,,25.0164,93.48545,19363
Tamlūk,,22.30083,87.92593,48646
Tammampatti,,11.44126,78.4887,21503
Tanakpur,,29.074,80.11139,16905
Tandur,,17.24849,77.57698,65115
Tangla,,26.65693,91.91381,17183
Tanuku,,16.75438,81.68143,77962
Tapa,,30.29794,75.36936,23248
Tarakeswar,,22.88605,88.01363,30475
Taranagar,,23.96877,91.37081,15481
Tarikere,,13.70954,75.81382,37848
Tarn Taran,,31.45191,74.92777,66847
Tarsadi,,21.46996,72.9521,29305
Tarāna,,23.33383,76.04253,24908
Tattānkuttai,,11.43518,77.72369,24708
Teghra,,25.49043,85.94001,56234
Tehri,,30.39086,78.4803,27611
Tekkalakote,,15.53444,76.87703,26224
Tekkali,,18.6057,84.23546,28631
Tekāri,,24.94253,84.84265,21324
Telhāra,,21.02694,76.83889,21146
Teliamura,,23.84174,91.6303,21032
Tellicherry,,11.74811,75.4929,97201
Teni,,10.01115,77.47772,1034724
Tennala,,10.99342,75.93504,56546
Teonthar,,24.98207,81.64194,17039
Terdāl,,16.49379,75.04667,26411
Tevāram,,9.89666,77.28092,16079
Tezpur,,26.63333,92.8,75540
Tezu,,27.91256,96.12882,18184
Thaikkattussery,,9.77147,76.34385,20874
Thakurdwara,,29.19203,78.86145,39860
Thandla,,23.00959,74.57747,15756
Thanjavur,,10.78523,79.13909,291067
Thanneermukkom,,9.66337,76.38073,31525
Thara,,23.97345,71.81922,18060
Tharangambadi,,11.02764,79.85425,23191
Tharād,,24.39597,71.62577,27954
Thazhecode,,11.32258,75.97579,25116
Thekkumkara,,10.28194,76.21322,15258
Thenali,,16.24253,80.63982,164937
Thenhippalam,,11.13232,75.88224,32045
Thenkasi,,8.96003,77.31525,70545
Thimiri,,12.82828,79.30792,16246
Thirunavaya,,10.87459,75.98546,24790
Thiruthani,,13.17594,79.61637,44781
Thiruthuraipoondi,,10.52819,79.63268,24404
Thiruvaiyaru,,10.88405,79.10362,16164
Thiruvananthapuram,,8.4855,76.94924,788271
Thiruvankulam,,9.94679,76.36662,23160
Thiruvarur,,10.77269,79.6368,58777
Thodiyoor,,9.07797,76.57772,25884
Thodupuzha,,9.89394,76.72216,52045
Thoothukudi,,8.76735,78.13425,410760
Thorapadi,,12.89154,79.12381,16700
Thottada,,11.83851,75.4208,40818
Thoubāl,,24.63881,93.99639,45947
Thrissur,,10.51667,76.21667,315957
Thuraiyur,,11.14805,78.59911,32439
Thākurganj,,26.42742,88.13112,18348
Thān,,22.57422,71.19942,42508
Thāna Bhawan,,29.58605,77.41811,33498
Thāne,,19.19704,72.96355,1841488
Thānesar,,29.97323,76.83214,155152
Thāsra,,22.79831,73.21174,18337
Tifrā,,22.06312,82.13129,30465
Tighri,,28.51225,77.24083,46974
Tijāra,,27.93411,76.85541,24747
Tikkotti,,11.48333,75.61667,27051
Tikri Kalān,,28.68355,76.97007,16313
Tilda Newra,,21.55324,81.80187,36682
Tilhar,,27.96282,79.73827,57043
Tilpat,,28.46513,77.33285,20514
Timurni,,22.37115,77.2274,22359
Tindal,,11.31691,77.67422,15440
Tindivanam,,12.234,79.65551,72796
Tinnanūr,,13.11448,80.02713,37095
Tinsukia,,27.48905,95.35992,116322
Tiptūr,,13.2563,76.47768,60957
Tirkadavūr,,8.92398,76.59101,39285
Tirorā,,21.40409,79.92617,25181
Tiruchanur,,13.60727,79.44864,22963
Tiruchchendur,,8.49725,78.11906,32171
Tiruchengode,,11.38016,77.89444,95335
Tiruchirappalli,,10.8155,78.69651,1022518
Tirukkalikkunram,,12.60799,80.0555,29391
Tirukkoyilur,,11.9662,79.20259,30212
Tirumala,,13.68333,79.35,18013
Tirumangalam,,9.82307,77.98381,51194
Tirumeshi,,13.05339,80.05998,19733
Tirumuruganpūndi,,11.16493,77.30838,31528
Tirunelveli,,8.72742,77.6838,1435844
Tirunāgeswaram,,10.96464,79.4293,15082
Tirupati,,13.63551,79.41989,295323
Tirupati NMA,,13.63229,79.48568,37968
Tirupattur,,12.49239,78.56804,64125
Tirupparangunram,,9.88151,78.07306,50004
Tiruppur,,11.11541,77.35456,963173
Tiruppuvanam,,9.82564,78.25795,24554
Tiruppālai,,9.97792,78.13294,19305
Tirur,,10.91368,75.92118,56058
Tiruttangal,,9.48333,77.83333,55362
Tiruvalla,,9.3816,76.57489,57223
Tiruvallur,,13.14376,79.90889,56074
Tiruvankod,,8.24521,77.301,18723
Tiruvannamalai,,12.22662,79.07461,145278
Tiruvattār,,8.33069,77.26732,18985
Tiruverumbūr,,10.79366,78.76898,23156
Tiruvottiyūr,,13.15823,80.30181,249446
Tirāwari,,29.80147,76.92825,25944
Tirūrangādi,,11.04316,75.92337,56632
Tisaiyanvilai,,8.33702,77.86776,23702
Titabor Town,,26.59185,94.19445,17920
Titlāgarh,,20.28961,83.15233,34067
Tittagudi,,11.40717,79.12216,22894
Titāgarh,,22.74252,88.37326,127751
Todabhim,,26.91667,76.81667,22977
Todaraisingh,,26.02401,75.48182,23559
Tohāna,,29.71332,75.90441,63871
Tondalam,,11.50137,76.34983,44590
Tondi,,9.74173,79.01774,18465
Tonk,,26.16638,75.78824,165294
Torūr,,17.5835,79.65857,19100
Toshām,,28.86993,75.9165,15559
Trajpar,,22.81567,70.86653,16637
Trikarpūr North,,12.14579,75.17475,18210
Trikarpūr South,,12.11649,75.18517,22991
Trikonavattam,,8.88987,76.66588,41609
Triparappu,,8.39479,77.26588,22401
Triprangod,,10.84225,75.94856,41167
Tripunittura,,9.94283,76.33331,69390
Trittāla,,10.80303,76.12885,27796
Trāl,,33.92708,75.11585,17844
Tudiyalūr,,11.08159,76.94464,33924
Tuensang,,26.26704,94.82415,36774
Tufānganj,,26.31688,89.66549,20420
Tuljāpur,,18.00804,76.07011,35596
Tulsīpur,,27.5337,82.41653,22486
Tumkūr,,13.34136,77.1022,307359
Tumsar,,21.38333,79.73333,44869
Tuni,,17.35905,82.54607,53425
Tura,,25.51421,90.20239,74858
Turaiyūr,,11.14968,78.5987,32134
Tuvāgudi,,10.74725,78.82133,38887
Tyāgadurgam,,11.74114,79.07698,18605
Tādepalle,,16.48333,80.6,64149
Tādigadapa,,16.47129,80.69695,17462
Tādikombu,,10.43904,77.95459,18838
Tājpur,,29.16242,78.48458,17529
Tāki,,22.58867,88.93253,40113
Tālcher,,20.94927,85.23354,40841
Tālīkota,,16.47311,76.31085,31693
Tānda,,28.97621,78.94187,44822
Tāndoni,,10.92611,78.0941,53854
Tāndā,,26.54953,82.65841,88073
Tānālūr,,10.95154,75.90961,47976
Tāoru,,28.21173,76.94984,22599
Tāramangalam,,11.69403,77.97035,30222
Tārānagar,,28.6686,75.03207,32640
Tāsgaon,,17.037,74.60171,37945
Tīkamgarh,,24.74327,78.83061,79106
Tīrthahalli,,13.68835,75.24548,15422
Tūndla,,27.2146,78.23683,50939
Tūnēri,,11.69699,75.63491,23421
Ubaidullāhganj,,22.99834,77.58621,22845
"Udaipur (24) [24.59, 73.71]",,24.58584,73.71346,451100
"Udaipur (24) [27.72, 75.47]",,27.72297,75.47178,30264
Udaipur (26),,23.53333,91.48333,32758
Udaipura,,23.07434,78.51108,18236
Udaipurwati,,27.73011,75.47161,29236
Udalguri,,26.75367,92.10215,15935
Udangudi,,8.42918,78.02968,19738
Udgīr,,18.39258,77.11756,103550
Udhampur,,32.92431,75.13573,84015
Udumalaippettai,,10.58806,77.24779,61133
Udupi,,13.33467,74.74617,165000
Ugrākheri,,29.378,77.00934,24440
Ujhāni,,28.00311,79.00821,56309
Ujjain,,23.18239,75.77643,515215
Ukhrul,,25.11957,94.36417,27187
Ulhasnagar,,19.21667,73.15,516584
Uliyazhathura,,8.58165,76.92242,28230
Ullagaram,,12.979,80.19703,53322
Ullal,,12.80569,74.86058,59116
Ulliyeri,,11.45247,75.76662,32509
Uluberiya,,22.4756,88.09898,235345
Ulundurpet,,11.69099,79.2873,23734
Umarga,,17.83841,76.62331,35477
Umargām,,20.19718,72.75035,27859
Umaria,,23.52473,80.83716,33114
Umarkhed,,19.60144,77.68878,47458
Umarkot,,19.66529,82.20629,28993
Umarsera,,20.37139,78.12343,21752
Umbri,,20.71373,77.02639,20262
Umred,,20.85396,79.32466,53971
Umreth,,22.69881,73.11561,33762
Un,,23.88745,71.76975,30671
Una (09),,20.82318,71.03795,58528
Una (11),,31.46493,76.26914,18722
Unamaucheri,,12.8608,80.10659,29122
Unchagao,,16.69746,74.27325,31238
Unchahra,,24.38251,80.78088,18442
Undera,,22.34835,73.13313,16902
Unhel,,23.33794,75.55931,15837
Unjha,,23.80366,72.39101,57108
Unnamalaikadai,,8.29957,77.24062,23656
Unnāo,,26.54706,80.48781,161671
Upleta,,21.74015,70.28256,58775
Uppal Kalan,,17.40577,78.55911,118259
Urakam,,11.05124,75.98833,29157
Uran,,18.87813,72.93924,30439
Uravakonda,,14.94348,77.25494,35565
Urmar,,31.68137,75.63549,23419
Urun-Islāmpur,,17.05,74.26667,67391
Usehat,,27.79796,79.23763,15068
Usilampatti,,9.96936,77.78621,35219
Utnūr,,19.36798,78.77608,16005
Utraula,,27.31933,82.41872,28437
Uttamapālaiyam,,9.80701,77.32718,29050
Uttarkāshi,,30.72986,78.44342,17123
Uttiramerūr,,12.61433,79.75748,25194
V.S.K.Valasai (Dindigul-Dist.),,10.31549,78.15141,17865
Vadakakarai,,10.1664,76.20179,20571
Vadakarai Kīl Pidāgai,,9.04008,77.27413,20821
Vadakkanandal,,11.7817,78.8354,23034
Vadakku Valliyūr,,8.38286,77.61221,29417
Vadakku Viravanallur,,8.69786,77.51916,19689
Vadakkēkkād,,10.66354,76.00326,15811
Vadakāncheri,,10.66039,76.24656,15674
Vadamadurai,,10.44081,78.09784,18015
Vadanappally,,10.46905,76.08129,30657
Vadavalli,,11.02472,76.8973,39873
Vadgaon,,20.37589,78.11258,40884
Vadipatti,,10.08481,77.96113,26830
Vadlapūdi,,14.31119,79.8043,17881
Vadnagar,,23.78593,72.63893,27790
Vadodara,,22.29941,73.20812,1822221
Vadāli,,23.94232,73.03784,20646
Vagholi,,18.5823,73.98301,33479
Vaijāpur,,19.92672,74.7275,41296
Vaikam,,9.74858,76.39637,23234
Vakkam,,8.68447,76.76755,19267
Valabhīpur,,21.88868,71.87935,18663
Valasaravakkam,,13.04394,80.17251,47378
Valavanur,,11.92094,79.58239,16745
Vallabh Vidyanagar,,22.53333,72.9,32581
Vallam,,10.71988,79.05981,16758
Valparai,,10.32691,76.95116,90353
Valsād,,20.61013,72.93428,139764
Valvachatottam,,8.28031,77.25612,16965
Vandalūr,,12.8924,80.08079,16852
Vandavāsi,,12.50429,79.60556,31530
Vandiyūr,,9.90917,78.16088,28646
Vaniyambadi,,12.68162,78.62014,95061
Vapi,,20.37175,72.90493,163630
Vapi INA,,20.36006,72.93106,34162
Varam,,11.89959,75.41323,17008
Varanasi,,25.31668,83.01041,1164404
Varangaon,,21.01767,75.91042,44067
Varappuzha,,10.07589,76.27152,26750
Varkala,,8.7333,76.7167,43276
Vasco da Gama,,15.39585,73.81568,100485
Vasind,,19.40844,73.26285,20561
Vaso,,22.66079,72.75519,15934
Vathirairuppu,,9.63528,77.63889,16784
Vattalkundu,,10.16069,77.75883,22928
Vattiyūrkāvu,,8.52469,76.98886,47187
Vayalār,,9.71158,76.33888,25094
Vazhakkala,,10.01239,76.32633,51242
Vazhapadi,,11.65541,78.40117,17559
Vazhayur,,11.21729,75.89987,36909
Vedaraniyam,,10.37208,79.85095,34266
Vejalpur,,22.69021,73.56299,121610
Velampālaiyam,,11.13764,77.31064,87427
Vellakkinar,,11.07364,76.95663,15998
Vellakkovil,,10.94627,77.71242,40359
Vellalūr,,10.97747,77.02601,24872
Vellore,,12.9184,79.13255,484690
Vellūr,,8.62617,76.83053,22816
Velur,,11.10825,78.00113,25012
Vemalwāda,,18.46523,78.86894,33706
Venganoor,,8.39638,77.00331,35963
Vengara,,11.05083,75.97806,48600
Vengattūr,,13.09988,79.93207,23292
Vengikkal,,12.26416,79.06745,18244
Vengola Kizhakkumbāgam,,10.06374,76.47606,32697
Venkatagiri,,13.96005,79.58032,52688
Vepagunta,,17.77844,83.21577,26881
Verukulambu,,8.29531,77.29387,19730
Verāval,,20.9077,70.36786,171121
Vetapālem,,15.78502,80.30663,38671
Vettaikkaranpudur,,10.56207,76.91305,18128
Vettanād,,8.60587,76.94235,27140
Vettavalam,,12.10769,79.24516,15506
Vettūr,,8.71742,76.72582,37219
Vidisha,,23.52604,77.81092,155951
Vidyavihar,,28.36812,75.58398,15644
Vijalpor,,20.92212,72.90945,81245
"Vijayapura (19) [13.30, 77.80]",,13.29724,77.80184,34866
"Vijayapura (19) [16.82, 75.72]",,16.82442,75.71537,327427
Vijayapuram,,9.59123,76.56124,29248
Vijayapuri North,,16.58534,79.32046,15887
Vijayawada,,16.50745,80.6466,1143232
Vijāpur,,23.5623,72.74848,35118
Vikramasingapuram,,8.71477,77.39032,47241
Vikārābād,,17.3381,77.90441,53143
Vilankurichi,,11.07147,77.01729,24235
Vilappil,,8.52218,77.04001,36212
Vilattikulam,,9.13227,78.16635,15277
Vilavoorkkal,,8.48093,77.02204,31761
Villianur,,11.91393,79.75568,34383
Villiappally,,11.62495,75.62875,34502
Villukuri,,8.2226,77.37323,15304
Villupuram,,11.93975,79.49244,97380
Vilāngudi,,9.94578,78.09352,30884
Vinnamāla,,13.90738,79.90855,20924
Vinukonda,,16.0531,79.73964,62550
Virajpet,,12.19644,75.80512,17246
Viramgām,,23.12564,72.05014,55821
Viratnagar,,27.43538,76.18297,20568
Virudhachalam,,11.51497,79.32824,73585
Virudunagar,,9.58509,77.95787,73273
Virugambakkam,,13.04632,80.19131,21376
Virār,,19.45591,72.81136,1222390
Visakhapatnam,,17.68009,83.20161,1063178
Vishāram,,12.91808,79.27756,44786
Visnagar,,23.69855,72.5521,76753
Viswanatham,,9.42952,77.80032,25555
Vite,,17.27343,74.53792,48289
Vittal,,12.76325,75.09896,17618
Vizianagaram,,18.11692,83.41148,228720
Vriddhāchalam,,11.5183,79.32411,61498
Vrindāvan,,27.58105,77.69662,60195
Vuyyūru,,16.36307,80.84406,36755
Vypīn,,9.96667,76.25,23717
Vyāra,,21.11079,73.39365,39789
Vāda,,19.65347,73.14811,16750
Vādāsinor,,22.95677,73.33505,39330
Vāghodia,,22.30505,73.40016,16604
Vāniyamkulam,,10.78303,76.33358,16085
Vāsudevanallūr,,9.24171,77.41177,21361
Vāzhakulam,,10.0938,76.4198,18358
Vīrakeralam,,11.00772,76.91262,23841
Vīrappanchathiram,,11.35314,77.71253,84453
Vīrapāndi,,11.06247,77.35076,50301
Vīrarāghavapuram,,13.07306,80.10778,64698
Vīrnūr,,11.84433,77.8473,16665
Vīsāvadar,,21.33954,70.74966,19515
Wadgaon,,16.83553,74.31338,25651
Wadgaon Kolhati,,19.84307,75.236,65620
Wai,,17.95276,73.89058,36025
Walajapet,,12.9251,79.36626,47498
Waluj Buzurg,,19.79632,75.22648,20220
Walwadi,,20.92085,74.76111,29636
Wani,,20.05507,78.95313,58840
Wanparti,,16.36738,78.06889,60949
Warangal,,18,79.58333,704570
Wardha,,20.73933,78.59784,113759
Warora,,20.22885,79.00277,46532
Warud,,21.47101,78.26965,47817
Wazīrganj,,28.21145,79.05665,19372
Weir,,27.0186,77.17636,19385
Wellington,,11.36552,76.78442,20254
Williamnagar,,25.4955,90.6168,24597
Wokha,,26.09717,94.25817,54010
Wādi,,17.05183,76.99048,37988
Wānkāner,,22.61198,70.94379,47814
Wānādongri,,21.0938,78.97273,37667
Wāri,,21.15313,79.0076,54048
Wāris Alīganj,,25.0172,85.64047,35243
Wārāseonī,,21.76184,80.04301,27494
Wāshīm,,20.11128,77.133,78387
Yadagirigutta,,17.58894,78.94336,15232
Yadgir,,16.77007,77.13755,74294
Yamjāl,,17.26944,78.57667,15689
Yamuna Nagar,,30.12796,77.28371,217071
Yanam,,16.73308,82.21364,55626
Yanamalakuduru,,16.48531,80.66746,34177
Yavatmāl,,20.39324,78.13201,128175
Yelahanka,,13.10073,77.59632,116447
Yellandu,,17.59064,80.32146,43787
Yellāpur,,14.9637,74.70929,20452
Yeola,,20.0424,74.48944,49826
Yerkhera,,21.21649,79.18545,15727
Yāval,,21.16772,75.69762,36706
Zahirābād,,17.68138,77.60743,71166
Zaidpur,,26.83093,81.32929,33397
Zamānia,,25.41961,83.55786,32008
Zerakpur,,30.65622,76.82093,95553
Ziauddin Pur,,28.70873,77.27654,68993
Zira,,30.96853,74.99106,37498
Zunheboto,,25.96667,94.51667,29499
koppana Agrahara,,12.85507,77.66707,20622
Ābu,,24.59365,72.71756,24981
Ābu Road,,24.48012,72.78186,55599
Āchāripallam Vāniyakudi,,8.17428,77.38486,16822
Ādanāttutekkumuri Kizhakku,,9.07909,76.51367,22250
Ādilābād,,19.67203,78.5359,118526
Ālampālaiyam,,11.36353,77.76773,20286
Ālangulam,,8.86404,77.49937,28558
Ālankōd,,10.74603,76.03481,33918
Ālūr,,8.19311,77.36428,15063
Āmbāsa,,23.936,91.85436,16285
Āmli,,20.28333,73.01667,33369
Āmlāgora,,22.84616,87.33559,19038
Āmta,,22.58344,88.01039,16753
Āmūr,,18.79284,78.27666,64023
Ānaiyūr,,9.96152,78.1118,63917
Āndippatti,,9.99797,77.62097,27287
Ārangaon,,19.02681,74.71487,29591
Āron,,24.38109,77.41739,28010
Ārvi,,20.99585,78.22914,42822
Āsandh,,29.52119,76.60552,27125
Āsansol,,23.68333,86.98333,504271
Āsika,,19.61114,84.65998,21428
Āsind,,25.7342,74.33278,16611
Āthagarh,,20.51999,85.62965,17304
Āyanchēri,,11.62609,75.67427,26293
Āyikudi,,9.00322,77.34494,15129
Ūn,,29.58479,77.2554,15007
Ūttangarai,,12.26713,78.53783,18470
Ūttukuli,,10.65193,76.9778,16354
