name,admin1,lat,lon,population
Aberdeen (MD),,39.50956,-76.16412,15580
Aberdeen (SD),,45.4647,-98.48648,28102
Aberdeen (WA),,46.97537,-123.81572,16276
Abilene,,32.44874,-99.73314,125182
Abington (MA),,42.10482,-70.94532,15985
Abington (PA),,40.12067,-75.11795,55310
Acton,,42.48509,-71.43284,20897
Acworth,,34.06635,-84.67837,22131
Ada,,34.77453,-96.67834,17303
Adams Morgan,,38.9215,-77.0422,15830
Addison (IL),,41.9317,-87.98896,37208
Addison (TX),,32.96179,-96.82917,15518
Adelanto,,34.58277,-117.40922,33166
Adelphi,,39.00317,-76.97192,15086
Adrian,,41.89755,-84.03717,20691
Affton,,38.55061,-90.33317,20307
Agawam,,42.06954,-72.61481,28761
Agoura,,34.14306,-118.73787,20537
Agoura Hills,,34.13639,-118.77453,20915
Agua Caliente,,38.32408,-122.48804,27090
Ahwatukee Foothills,,33.34171,-111.98403,83464
Aiken,,33.56042,-81.71955,30604
Airport,,21.3399,-157.92845,28916
Akron,,41.08144,-81.51901,197542
Ala Moana - Kakaʻako,,21.29649,-157.85671,18957
Alabaster,,33.24428,-86.81638,32707
Alafaya,,28.5641,-81.2114,78113
Alameda,,37.77099,-122.26087,78630
Alamo,,26.18369,-98.12306,19246
Alamogordo,,32.89953,-105.96027,30753
Albany (CA),,37.88687,-122.29775,19735
Albany (GA),,31.57851,-84.15574,74843
Albany (NY),,42.65258,-73.75623,101228
Albany (OR),,44.63651,-123.10593,52175
Albany Park,,41.96836,-87.72339,52079
Albemarle,,35.35014,-80.20006,16003
Albert Lea,,43.64801,-93.36827,17674
Albertville,,34.26783,-86.20878,21462
Albuquerque,,35.08449,-106.65114,564559
Aldine,,29.93245,-95.38021,15869
Alexandria (LA),,31.31129,-92.44514,47889
Alexandria (VA),,38.80484,-77.04692,159467
Algonquin,,42.16558,-88.29425,30571
Alhambra (AZ),,33.49838,-112.13432,127764
Alhambra (CA),,34.09529,-118.12701,85551
Aliamanu / Salt Lakes / Foster Village,,21.36022,-157.91838,38833
Alice,,27.75225,-98.06972,19408
Alief,,29.71106,-95.59633,98725
Aliso Viejo,,33.56504,-117.72712,50195
Allapattah,,25.81454,-80.22394,54289
Allen,,33.10317,-96.67055,98143
Allen Park,,42.25754,-83.21104,27425
Allendale,,42.97225,-85.95365,17579
Allentown,,40.60843,-75.49018,120207
Alliance,,40.91534,-81.10593,22055
Allison Park,,40.55951,-79.95867,21552
Allston,,42.35843,-71.12589,28821
Aloha,,45.49428,-122.86705,49425
Alpharetta,,34.07538,-84.29409,63693
Alsip,,41.66892,-87.73866,19346
Altadena,,34.18973,-118.13118,42777
Altamont,,42.20681,-121.73722,19257
Altamonte Springs,,28.66111,-81.36562,43159
Alton (IL),,38.8906,-90.18428,27003
Alton (TX),,26.28729,-98.31335,15760
Altoona (IA),,41.64416,-93.46466,16984
Altoona (PA),,40.51868,-78.39474,45344
Altus,,34.63813,-99.33398,19214
Alum Rock,,37.36605,-121.82718,15536
Alvin,,29.42385,-95.2441,25791
Amarillo,,35.222,-101.8313,198645
American Canyon,,38.17492,-122.2608,20554
American Fork,,40.3769,-111.79576,28326
Americus,,32.07239,-84.23269,16028
Ames,,42.03471,-93.61994,65060
Amesbury,,42.85842,-70.93005,18313
Amherst (MA),,42.36723,-72.51852,39833
Amherst (NY),,42.97839,-78.79976,122366
Amherst Center,,42.37537,-72.51925,19065
Amsterdam,,42.93869,-74.18819,18008
Anacortes,,48.5126,-122.61267,18103
Anaheim,,33.83529,-117.9145,350742
Anchorage,,61.21806,-149.90028,289600
Anderson (IN),,40.10532,-85.68025,55305
Anderson (SC),,34.50344,-82.65013,27335
Andover,,45.2333,-93.29134,32213
Angleton,,29.16941,-95.43188,19429
Ankeny,,41.72971,-93.60577,56764
Ann Arbor,,42.27756,-83.74088,117070
Annandale,,38.83039,-77.19637,41008
Annapolis,,38.97859,-76.49184,40812
Anniston,,33.65983,-85.83163,22347
Anoka,,45.19774,-93.38718,17350
Ansonia,,41.34621,-73.079,18854
Antelope,,38.70824,-121.32995,45770
Anthem,,33.86,-112.112,21700
Antioch,,38.00492,-121.80579,110542
Apache Junction,,33.41505,-111.54958,38074
Apex,,35.73265,-78.85029,45585
Apopka,,28.67617,-81.51186,48382
Apple Valley (CA),,34.50083,-117.18588,72174
Apple Valley (MN),,44.73191,-93.21772,51221
Appleton,,44.26193,-88.41538,74139
Arbutus,,39.25455,-76.69997,20483
Arcadia,,34.13973,-118.03534,58408
Arcata,,40.86652,-124.08284,17843
Arden-Arcade,,38.6025,-121.37854,92186
Ardmore,,34.17426,-97.14363,25176
Arlington (MA),,42.41537,-71.15644,42844
Arlington (TX),,32.73569,-97.10807,388125
Arlington (VA),,38.88101,-77.10428,207627
Arlington (WA),,48.19871,-122.12514,18949
Arlington Heights,,42.08836,-87.98063,75926
Arnold (MD),,39.03206,-76.50274,23106
Arnold (MO),,38.43283,-90.37762,21357
Arroyo Grande,,35.11859,-120.59073,18108
Artesia,,33.86585,-118.08312,16961
Arvada,,39.80276,-105.08748,115368
Arvin,,35.20913,-118.82843,20876
Asbury Park,,40.22039,-74.01208,15818
Ashburn (IL),,41.74753,-87.71116,42752
Ashburn (VA),,39.04372,-77.48749,43511
Asheboro,,35.70791,-79.81364,26103
Asheville,,35.60095,-82.55402,95056
Ashland (CA),,37.69465,-122.11385,21925
Ashland (KY),,38.47841,-82.63794,21108
Ashland (MA),,42.26121,-71.4634,15802
Ashland (OH),,40.86867,-82.31822,20317
Ashland (OR),,42.19458,-122.70948,20861
Ashmont,,42.28343,-71.06894,30000
Ashtabula,,41.86505,-80.78981,18371
Ashwaubenon,,44.48221,-88.0701,17176
Aspen Hill,,39.07955,-77.07303,48759
Astoria,,40.77205,-73.93014,150165
Atascadero,,35.48942,-120.67073,29819
Atascocita,,29.99883,-95.1766,65844
Athens (AL),,34.80243,-86.97219,24966
Athens (GA),,33.96095,-83.37794,127315
Athens (OH),,39.32924,-82.10126,25044
Atlanta,,33.749,-84.38798,510823
Atlantic City,,39.36415,-74.42306,39260
Attleboro,,41.94454,-71.28561,44284
Atwater,,37.34772,-120.60908,29237
Atwater Village,,34.1164,-118.25646,15455
Auburn (AL),,32.60986,-85.48078,62059
Auburn (MA),,42.19454,-71.83563,16724
Auburn (ME),,44.09785,-70.23117,22871
Auburn (NY),,42.93173,-76.56605,26985
Auburn (WA),,47.30732,-122.22845,77006
Auburn Gresham,,41.74179,-87.65322,45842
Auburn Hills,,42.68753,-83.2341,22672
Auburndale,,28.0653,-81.78869,15035
Augusta (GA),,33.47097,-81.97484,43459
Augusta (ME),,44.31062,-69.77949,18899
Aurora (CO),,39.72943,-104.83192,359407
Aurora (IL),,41.76058,-88.32007,200661
Aurora (OH),,41.31755,-81.34539,15838
Austin (MN),,43.66663,-92.97464,24563
Austin (TX),,30.26715,-97.74306,974447
Austintown,,41.10172,-80.76452,29677
Avenel,,40.58038,-74.28515,17011
Aventura,,25.95648,-80.13921,37649
Avocado Heights,,34.03612,-117.99118,15411
Avon (CT),,41.80982,-72.83065,18932
Avon (IN),,39.76282,-86.39972,16451
Avon (OH),,41.45171,-82.03542,22544
Avon Center,,41.45976,-82.01959,15724
Avon Lake,,41.50532,-82.0282,23453
Avondale (AZ),,33.4356,-112.3496,80684
Avondale (IL),,41.93892,-87.71117,39721
Azusa,,34.13362,-117.90756,49690
Back Bay,,42.3501,-71.087,17577
Back Mountain,,41.33591,-75.99631,26973
Badger,,64.8,-147.53333,19482
Baileys Crossroads,,38.85039,-77.1297,23643
Bainbridge Island,,47.62621,-122.52124,23840
Bakersfield,,35.37329,-119.01871,373640
Balch Springs,,32.72874,-96.62277,25210
Baldwin (NY),,40.65649,-73.6093,24033
Baldwin (PA),,40.33813,-79.97894,19819
Baldwin Park,,34.08529,-117.9609,77071
Ballenger Creek,,39.3726,-77.43526,18274
Ballwin,,38.59505,-90.54623,30577
Baltimore,,39.29038,-76.61219,585708
Bangor,,44.79884,-68.77265,32391
Banning,,33.92557,-116.87641,30945
Barberton,,41.01283,-81.60512,26234
Barnstable,,41.70011,-70.29947,47821
Barrington,,41.74066,-71.30866,16669
Barstow,,34.89859,-117.02282,23692
Barstow Heights,,34.86971,-117.05615,24202
Bartlesville,,36.74731,-95.98082,36595
Bartlett (IL),,41.99503,-88.18563,41545
Bartlett (TN),,35.20453,-89.87398,58579
Bartow,,27.89641,-81.84314,18972
Basking Ridge,,40.70621,-74.54932,21424
Batavia (IL),,41.85003,-88.31257,26495
Batavia (NY),,42.99812,-78.18752,15010
Bath Beach,,40.60455,-74.00431,33080
Baton Rouge,,30.44332,-91.18747,227470
Battle Creek,,42.3173,-85.17816,51589
Battle Ground,,45.78095,-122.53343,19407
Bay City (MI),,43.59447,-83.88886,33917
Bay City (TX),,28.98276,-95.9694,17598
Bay Point,,38.02909,-121.96163,21534
Bay Shore,,40.7251,-73.24539,26337
Bay Village,,41.48477,-81.92208,15402
Baychester,,40.86928,-73.83645,16274
Bayonet Point,,28.32667,-82.68343,23467
Bayonne,,40.66871,-74.11431,66311
Bayou Cane,,29.6241,-90.7512,19355
Bayshore Gardens,,27.42532,-82.59038,16323
Bayside (CA),,40.84235,-124.06367,17132
Bayside (NY),,40.76844,-73.77708,66455
Baytown,,29.7355,-94.97743,76335
Bayview-Hunters Point,,37.72855,-122.38107,34835
Bayville,,39.90929,-74.15486,20512
Bear,,39.62928,-75.65826,19371
Beaumont (CA),,33.92946,-116.97725,43811
Beaumont (TX),,30.08605,-94.10185,115282
Beaver Dam,,43.45777,-88.83733,16564
Beavercreek,,39.70923,-84.06327,46277
Beaverton,,45.48706,-122.80371,96577
Beckley,,37.77817,-81.18816,17056
Bedford (NH),,42.94647,-71.5159,21188
Bedford (TX),,32.84402,-97.14307,49337
Bel Air North,,39.55429,-76.37309,30568
Bel Air South,,39.50506,-76.31977,47709
Bell,,33.97751,-118.18702,36205
Bell Gardens,,33.96529,-118.15146,43106
Bella Vista,,36.4807,-94.27134,27999
Bellaire,,29.70579,-95.45883,18518
Belle Glade,,26.68451,-80.66756,18251
Belleville (IL),,38.52005,-89.98399,42034
Belleville (NJ),,40.79371,-74.15014,36878
Bellevue (NE),,41.13667,-95.89084,55510
Bellevue (WA),,47.61038,-122.20068,139820
Bellevue (WI),,44.44416,-87.9201,15317
Bellflower,,33.88168,-118.11701,78441
Bellingham,,48.75955,-122.48822,85146
Bellmore,,40.66871,-73.52707,16218
Bellview,,30.46159,-87.31497,23355
Bellwood,,41.88142,-87.88312,19308
Belmont (CA),,37.52021,-122.2758,27218
Belmont (MA),,42.39593,-71.17867,24729
Belmont Cragin,,41.9317,-87.76867,79159
Beloit,,42.50835,-89.03178,36891
Belton (MO),,38.81195,-94.5319,23168
Belton (TX),,31.05601,-97.46445,20547
Beltsville,,39.03483,-76.90747,16772
Belvedere Park,,33.75483,-84.26742,15152
Belvidere,,42.26391,-88.84427,25132
Benbrook,,32.67319,-97.46058,22629
Bend,,44.05817,-121.31531,87014
Benicia,,38.04937,-122.15858,28167
Bensalem,,40.10455,-74.95128,60427
Bensenville,,41.95503,-87.94007,18440
Bensonhurst,,40.60177,-73.99403,60000
Benton,,34.56454,-92.58683,34177
Bentonville,,36.37285,-94.20882,44499
Berea,,41.36616,-81.8543,18874
Bergenfield,,40.9276,-73.99736,27621
Berkeley,,37.87159,-122.27275,120972
Berkley,,42.50309,-83.18354,15268
Berwyn,,41.85059,-87.79367,56368
Bessemer,,33.40178,-86.95444,26730
Bethany (OK),,35.51867,-97.63226,19589
Bethany (OR),,45.55789,-122.8676,20646
Bethel Park,,40.32757,-80.0395,32118
Bethesda,,38.98067,-77.10026,60858
Bethlehem,,40.62593,-75.37046,74892
Bethpage,,40.74427,-73.48207,16429
Bettendorf,,41.52448,-90.51569,35505
Beverly,,42.55843,-70.88005,41186
Beverly Cove,,42.55343,-70.85366,40365
Beverly Hills,,34.07362,-118.40036,34869
Biddeford,,43.49258,-70.45338,21282
Big Spring,,32.2504,-101.47874,28862
Billerica,,42.55843,-71.26895,39904
Billings,,45.78329,-108.50069,117116
Biloxi,,30.39603,-88.88531,45637
Binghamton,,42.09869,-75.91797,46032
Birmingham (AL),,33.52066,-86.80249,196357
Birmingham (MI),,42.5467,-83.21132,20857
Bismarck,,46.80833,-100.78374,75092
Bixby,,35.94204,-95.88332,24657
Blacksburg,,37.22957,-80.41394,44215
Blaine,,45.1608,-93.23495,62124
Bloomfield (CT),,41.82649,-72.73009,21535
Bloomfield (NJ),,40.80677,-74.18542,49120
Bloomingdale (FL),,27.89364,-82.24037,22711
Bloomingdale (IL),,41.95753,-88.0809,22254
Bloomington (CA),,34.07029,-117.39588,23851
Bloomington (IL),,40.4842,-88.99369,78292
Bloomington (IN),,39.16533,-86.52639,84067
Bloomington (MN),,44.8408,-93.29828,86435
Blue Island,,41.65726,-87.68005,23652
Blue Springs,,39.01695,-94.28161,54148
Bluffton,,32.23715,-80.86039,16728
Blythe,,33.6103,-114.59635,19208
Boardman,,41.02423,-80.66285,35376
Boca Del Mar,,26.34508,-80.14671,24244
Boca Raton,,26.35869,-80.0831,93235
Boise,,43.6135,-116.20345,235684
Bolingbrook,,41.69864,-88.0684,74306
Bon Air,,37.52487,-77.55777,16366
Bonita Springs,,26.33981,-81.7787,51704
Bonney Lake,,47.17705,-122.18651,19903
Boone,,36.21679,-81.67455,18156
Borough Park,,40.63399,-73.99681,149248
Bossier City,,32.51599,-93.73212,68094
Boston,,42.35843,-71.05977,653833
Bostonia,,32.813,-116.944,15379
Bothell,,47.76232,-122.2054,42939
Bothell West,,47.80527,-122.24064,16607
Boulder,,40.01499,-105.27055,106803
Boulder City,,35.97859,-114.83249,15551
Bountiful,,40.88939,-111.88077,43784
Bourbonnais,,41.15376,-87.88754,18569
Bowie,,38.94278,-76.73028,58025
Bowling Green (KY),,36.99032,-86.4436,63616
Bowling Green (OH),,41.37477,-83.65132,31246
Boyle Heights,,34.0339,-118.20535,92785
Boynton Beach,,26.52535,-80.06643,73966
Bozeman,,45.67965,-111.03856,43405
Bradenton,,27.49893,-82.57482,54437
Bradley,,41.14198,-87.86115,15617
Braintree,,42.20384,-71.00215,37297
Brandon (FL),,27.9378,-82.28592,103483
Brandon (MS),,32.2732,-89.98592,23529
Branford,,41.27954,-72.8151,29438
Brawley,,32.97866,-115.53027,25897
Brea,,33.91668,-117.90006,41944
Bremerton,,47.56732,-122.63264,39520
Brenham,,30.16688,-96.39774,16579
Brent,,30.46881,-87.23608,21804
"Brentwood (CA) [34.05, -118.47]",,34.05195,-118.47397,33312
"Brentwood (CA) [37.93, -121.70]",,37.93187,-121.69579,58968
Brentwood (NY),,40.78121,-73.24623,60664
Brentwood (TN),,36.03312,-86.78278,41763
Brentwood Estates,,36.02506,-86.77917,31279
Briarwood,,40.70935,-73.81529,53877
Brick,,40.05928,-74.13708,76021
Bridgeport (CT),,41.17923,-73.18945,147629
Bridgeport (IL),,41.83809,-87.65116,33878
Bridgeton,,39.42734,-75.23408,25031
Bridgeview,,41.75003,-87.80422,16407
Bridgewater,,40.60079,-74.64815,44464
Brigham City,,41.51021,-112.0155,18752
Brighton (CO),,39.98526,-104.82053,37585
Brighton (MA),,42.3501,-71.15644,45977
Brighton (NY),,43.14756,-77.55055,36609
Brighton Beach,,40.57788,-73.95958,31462
Brighton Park,,41.81892,-87.69894,44202
Brightwood,,38.96122,-77.02748,17624
Bristol (CT),,41.67176,-72.94927,60452
Bristol (RI),,41.67705,-71.26616,22795
Bristol (TN),,36.59511,-82.18874,26666
Bristol (VA),,36.59649,-82.18847,17141
Broad Ripple,,39.86671,-86.14165,17041
Broadview Heights,,41.31394,-81.68513,19229
Brockton,,42.08343,-71.01838,95314
Broken Arrow,,36.0526,-95.79082,106563
Brook Park,,41.39838,-81.80458,18809
Brookfield (IL),,41.82392,-87.85173,18944
Brookfield (WI),,43.06057,-88.10648,38025
Brookhaven,,33.85844,-84.3402,51910
Brookings,,44.31136,-96.79839,23657
Brookline,,42.33176,-71.12116,58732
Brooklyn,,40.6501,-73.94958,2736074
Brooklyn Center,,45.07608,-93.33273,30770
Brooklyn Heights,,40.69538,-73.99375,20256
Brooklyn Park,,45.09413,-93.35634,79149
Broomfield,,39.92054,-105.08665,65065
Brownsburg,,39.84338,-86.39777,24996
Brownsville (FL),,25.82176,-80.24116,15313
Brownsville (NY),,40.66094,-73.92014,74497
Brownsville (TX),,25.90175,-97.49748,186738
Brownwood,,31.70932,-98.99116,19031
Brunswick (GA),,31.15013,-81.49147,16157
Brunswick (ME),,43.91452,-69.96533,15175
Brunswick (OH),,41.23811,-81.8418,34689
Brushy Creek,,30.51353,-97.73973,21764
Bryan,,30.67436,-96.36996,82118
Bryant,,34.59593,-92.48905,19986
Bryn Mawr-Skyway,,47.4943,-122.24092,15645
Buckeye,,33.37032,-112.58378,50876
Buckhall,,38.73178,-77.4311,16293
Buena Park,,33.86751,-117.99812,83270
Buenaventura Lakes,,28.33584,-81.35313,26079
Buffalo (MN),,45.17191,-93.87469,16026
Buffalo (NY),,42.88645,-78.87837,258071
Buffalo Grove,,42.15141,-87.95979,41496
Bullhead City,,35.14778,-114.5683,39445
Burbank (CA),,34.18084,-118.30897,105319
Burbank (IL),,41.73392,-87.7795,29128
Burien,,47.47038,-122.34679,50467
Burke,,38.79345,-77.27165,41055
Burleson,,32.54208,-97.32085,43625
Burlingame,,37.5841,-122.36608,30459
Burlington (IA),,40.80754,-91.11292,25410
Burlington (KY),,39.02756,-84.72411,15926
Burlington (MA),,42.50482,-71.19561,24498
Burlington (NC),,36.09569,-79.4378,52472
Burlington (VT),,44.47588,-73.21207,42452
Burnsville,,44.76774,-93.27772,61481
Burton,,42.99947,-83.61634,28788
Bushwick,,40.69427,-73.91875,112620
Bustleton,,40.08261,-75.03156,32655
Butte,,46.00382,-112.53474,34190
Cabot,,34.97453,-92.01653,25587
Calabasas,,34.15778,-118.63842,23058
Caldwell,,43.66294,-116.68736,51686
Caledonia,,42.8078,-87.92425,24684
Calexico,,32.67895,-115.49888,40053
Calhoun,,34.50259,-84.95105,16309
Calumet City,,41.61559,-87.52949,37031
Calverton,,39.05761,-76.93581,17724
Camarillo,,34.21639,-119.0376,67608
Camas,,45.58706,-122.39954,21846
Cambria Heights,,40.69455,-73.73847,20287
Cambridge,,42.3751,-71.10561,110402
Camden,,39.92595,-75.11962,76119
Cameron Park,,38.66879,-120.98716,18228
Camp Springs,,38.804,-76.90664,19096
Campbell,,37.28717,-121.94996,41117
Canarsie,,40.64372,-73.90069,87366
Canby,,45.2629,-122.69259,17271
Candler-McAfee,,33.72672,-84.27246,23025
Canoga Park,,34.20112,-118.59814,60578
Canton (GA),,34.23676,-84.49076,25469
Canton (MA),,42.15843,-71.14477,21679
Canton (MI),,42.30865,-83.48216,86825
Canton (OH),,40.79895,-81.37845,71885
Cantonment,,30.60853,-87.33998,26493
Canyon Country,,34.42333,-118.47203,59530
Canyon Lake,,29.87522,-98.26251,21262
Cape Coral,,26.56285,-81.94953,175229
Cape Girardeau,,37.30588,-89.51815,39462
Capitol Hill,,38.889,-77.00025,15056
Capitol Riverfront,,38.87796,-77.00314,18874
Carbondale,,37.72727,-89.21675,26399
Carlisle,,40.20148,-77.18887,19143
Carlsbad (CA),,33.15809,-117.35059,114746
Carlsbad (NM),,32.42067,-104.22884,28957
Carmel,,39.97837,-86.11804,88713
Carmichael,,38.61713,-121.32828,61762
Carney,,39.39427,-76.52358,29941
Carol City,,25.94065,-80.2456,63031
Carol Stream,,41.91253,-88.13479,40356
Carpentersville,,42.12114,-88.25786,38512
Carrboro,,35.91014,-79.07529,21156
Carrollton (GA),,33.58011,-85.07661,26203
Carrollton (TX),,32.95373,-96.89028,133168
Carrollwood,,28.05002,-82.49287,33365
Carrollwood Village,,28.06752,-82.52093,40949
Carson,,33.83141,-118.28202,93281
Carson City,,39.1638,-119.7674,58639
Carteret,,40.57733,-74.2282,24170
Cartersville,,34.16533,-84.80231,20319
Cary (IL),,42.21197,-88.23814,17965
Cary (NC),,35.79154,-78.78112,159769
Casa Grande,,32.8795,-111.75735,51460
Casa de Oro-Mount Helix,,32.76397,-116.96877,18762
Casas Adobes,,32.32341,-110.9951,66795
Casper,,42.86663,-106.31308,60285
Casselberry,,28.67778,-81.32785,27056
Castaic,,34.48888,-118.62287,19015
Castle Rock,,39.37221,-104.85609,55591
Castlewood,,39.58471,-104.90109,25271
Castro Valley,,37.6941,-122.08635,61388
Catalina Foothills,,32.29785,-110.9187,50796
Cathedral City,,33.77974,-116.46529,53826
Catonsville,,39.27205,-76.73192,41567
Cave Spring,,37.22764,-80.01282,24922
Cañon City,,38.44098,-105.24245,16400
Cedar City,,37.67748,-113.06189,30184
Cedar Falls,,42.52776,-92.44547,41255
Cedar Hill,,32.58847,-96.95612,48507
Cedar Park,,30.5052,-97.82029,65945
Cedar Rapids,,42.00833,-91.64407,130405
Celina,,33.32456,-96.78444,64427
Centennial,,39.57916,-104.87692,109741
Center City,,39.9512,-75.15923,57239
Center Point,,33.64566,-86.6836,16655
Centereach,,40.85843,-73.09955,31578
Centerville (OH),,39.62839,-84.15938,23882
Centerville (UT),,40.918,-111.87216,16877
Central,,30.55435,-91.03677,28295
Central 14th Street / Spring Road,,38.93707,-77.03265,25899
Central City,,33.44001,-112.05805,58161
Central Falls,,41.89066,-71.39228,19303
Central Islip,,40.79065,-73.20178,34450
Central Point,,42.37596,-122.91643,17995
Centralia,,46.71621,-122.9543,16753
Centreville,,38.84039,-77.42888,71135
Ceres,,37.59493,-120.95771,47963
Cerritos,,33.85835,-118.06479,49975
Chalmette,,29.94296,-89.96537,16751
Chambersburg,,39.93759,-77.6611,20691
Chamblee,,33.89205,-84.29881,28244
Champaign,,40.11642,-88.24338,86096
Champlin,,45.18885,-93.39745,23894
Chandler,,33.30616,-111.84125,260828
Chanhassen,,44.86219,-93.53079,25332
Channelview,,29.77606,-95.11465,38289
Chantilly,,38.89428,-77.4311,23039
Chapel Hill,,35.9132,-79.05584,59568
Charleston (IL),,39.49615,-88.17615,21196
Charleston (SC),,32.77632,-79.93275,132609
Charleston (WV),,38.34982,-81.63262,46838
Charlestown,,42.37787,-71.062,20397
Charlotte,,35.22709,-80.84313,911311
Charlottesville,,38.02931,-78.47668,46597
Chaska,,44.78941,-93.60218,25199
Chatham,,41.74115,-87.61255,31392
Chatsworth,,34.25723,-118.6012,41255
Chattanooga,,35.04563,-85.30968,181099
Cheektowaga,,42.90339,-78.75475,75178
Chelmsford,,42.59981,-71.36728,33925
Chelsea,,42.39176,-71.03283,39398
Cherry Hill (NJ),,39.93484,-75.03073,70475
Cherry Hill (VA),,38.56984,-77.26693,16000
Chesapeake,,36.81904,-76.27494,235429
Cheshire,,41.49899,-72.90066,29443
Chester (PA),,39.84753,-75.35785,34092
Chester (VA),,37.35682,-77.44165,20987
Chesterfield,,38.66311,-90.57707,47864
Chestnut Hill,,42.33065,-71.16616,23649
Cheyenne,,41.13998,-104.82025,65132
Chicago,,41.85003,-87.65005,2664452
Chicago Heights,,41.50615,-87.6356,30284
Chicago Lawn,,41.77503,-87.69644,55551
Chicago Loop,,41.88407,-87.6333,33442
Chickasha,,35.05257,-97.93643,16488
Chico,,39.72849,-121.83748,121345
Chicopee,,42.1487,-72.60787,56741
Chillicothe,,39.33312,-82.9824,21727
Chillum,,38.96372,-76.99081,33513
Chinatown (CA),,37.7966,-122.40858,100574
Chinatown (NY),,40.71649,-73.99625,90000
Chino,,34.01223,-117.68894,85595
Chino Hills,,33.9938,-117.75888,78309
Chowchilla,,37.123,-120.26018,18510
Christiansburg,,37.12985,-80.40894,21943
Chula Vista,,32.64005,-117.0842,265757
Cibolo,,29.56162,-98.22696,33433
Cicero (IL),,41.84559,-87.75394,83886
Cicero (NY),,43.17562,-76.11937,31632
Cimarron Hills,,38.85861,-104.69886,16161
Cincinnati,,39.12711,-84.51439,311097
Cinco Ranch,,29.73884,-95.758,18274
Citrus Heights,,38.70712,-121.28106,87056
Citrus Park,,28.07835,-82.56982,24252
City of Milford (balance),,41.22374,-73.06164,51271
City of Sammamish,,47.60444,-122.03768,45780
Claremont,,34.09668,-117.71978,36283
Claremore,,36.3126,-95.61609,18997
Clark-Fulton,,41.46402,-81.70979,18185
Clarksburg,,39.28065,-80.34453,16152
Clarksdale,,34.20011,-90.57093,16847
Clarksville (IN),,38.29674,-85.75996,21866
Clarksville (TN),,36.52977,-87.35945,166722
Clay,,43.1859,-76.17243,58206
Clayton (MO),,38.64255,-90.32373,15884
Clayton (NC),,35.65071,-78.45639,19304
Clearfield,,41.11078,-112.02605,30653
Clearlake,,38.95823,-122.62637,15182
Clearwater,,27.96585,-82.8001,117292
Cleburne,,32.34764,-97.38668,30020
Clemmons,,36.02153,-80.382,19844
Clemson,,34.68344,-82.83737,15446
Clermont,,28.54944,-81.77285,32390
Cleveland (OH),,41.4995,-81.69541,365379
Cleveland (TN),,35.15952,-84.87661,43898
Cleveland Heights,,41.52005,-81.55624,44962
Cliffside Park,,40.82149,-73.98764,24857
Clifton (CO),,39.09193,-108.44898,19889
Clifton (NJ),,40.85843,-74.16376,86334
Clifton Park,,42.86563,-73.77095,36705
Clinton (IA),,41.84447,-90.18874,26064
Clinton (MD),,38.76511,-76.89831,35970
Clinton (MS),,32.34153,-90.32176,25254
Clinton (UT),,41.13967,-112.0505,21399
Clinton Township,,42.58698,-82.91992,99753
Clive,,41.60304,-93.72411,15447
Cloverleaf,,29.77828,-95.17188,22942
Cloverly,,39.10816,-76.99775,15126
Clovis (CA),,36.82523,-119.70292,104180
Clovis (NM),,34.4048,-103.20523,39480
Coachella,,33.6803,-116.17389,44635
Coalinga,,36.13968,-120.36015,16564
Cobbs Creek,,39.94761,-75.24018,33373
Cockeysville,,39.48122,-76.64386,20776
Cocoa,,28.38612,-80.742,17711
Coconut Creek,,26.25175,-80.17894,59302
Coconut Grove,,25.7126,-80.25699,20076
Coeur d'Alene,,47.67768,-116.78047,49122
Cohoes,,42.77424,-73.70012,16538
Colchester,,44.54394,-73.14791,16986
College Park,,38.98067,-76.93692,32301
College Point,,40.7876,-73.84597,27307
College Station,,30.62798,-96.33441,107889
Colleyville,,32.88096,-97.15501,25487
Collierville,,35.04204,-89.66453,48863
Collinsville,,38.67033,-89.98455,24754
Collinwood,,41.55838,-81.56929,34220
Colonia,,40.57455,-74.30209,17795
Colonial Heights,,37.26804,-77.40726,17820
Colorado Springs,,38.83388,-104.82136,456568
Colton,,34.0739,-117.31365,54621
Columbia (MD),,39.24038,-76.83942,99615
Columbia (MO),,38.95171,-92.33407,129330
Columbia (SC),,34.00071,-81.03481,142416
Columbia (TN),,35.61507,-87.03528,36800
Columbia City,,47.56399,-122.2754,19000
Columbia Heights (DC),,38.92567,-77.02942,38000
Columbia Heights (MN),,45.0408,-93.263,19715
Columbine,,39.58777,-105.06943,24280
Columbus (GA),,32.46098,-84.98771,206922
Columbus (IN),,39.20144,-85.92138,46690
Columbus (MS),,33.49567,-88.42726,23168
Columbus (NE),,41.42973,-97.36838,22797
Columbus (OH),,39.96118,-82.99879,913175
Commack,,40.84288,-73.29289,36124
Commerce City,,39.80832,-104.93387,53696
Compton,,33.89585,-118.22007,98462
Concord (CA),,37.97798,-122.03107,128667
Concord (MA),,42.46037,-71.34895,16810
Concord (MO),,38.5245,-90.35734,16421
Concord (NC),,35.40888,-80.58158,87696
Concord (NH),,43.20814,-71.53757,43976
Conda,,42.72825,-111.53245,21260
Coney Island,,40.57788,-73.99403,60000
Conroe,,30.31188,-95.45605,68602
Converse,,29.51801,-98.31612,21987
Conway (AR),,35.0887,-92.4421,64980
Conway (SC),,33.836,-79.04781,21053
Conyers,,33.66761,-84.01769,15875
Cookeville,,36.16284,-85.50164,32113
Coon Rapids,,45.11997,-93.28773,62240
Cooper City,,26.05731,-80.27172,35364
Coos Bay,,43.3665,-124.21789,16182
Copiague,,40.68149,-73.39984,22993
Coppell,,32.95457,-97.01501,41159
Copperas Cove,,31.12406,-97.90308,33081
Coral Gables,,25.72149,-80.26838,51117
Coral Springs,,26.27119,-80.2706,129485
Coral Terrace,,25.74593,-80.3045,24376
Coralville,,41.6764,-91.58045,20608
Coram,,40.86871,-73.00149,39113
Corcoran,,36.09801,-119.5604,22477
Cordova,,35.15565,-89.7762,68779
Corinth,,33.15401,-97.06473,20998
Cornelius,,35.4868,-80.86007,28092
Corona (CA),,33.87529,-117.56644,164226
Corona (NY),,40.74705,-73.86014,109698
Coronado,,32.68589,-117.18309,24812
Corpus Christi,,27.80058,-97.39638,316239
Corsicana,,32.09543,-96.46887,23952
Cortland,,42.60118,-76.18048,18907
Cortlandt Manor,,41.28,-73.87164,19929
Corvallis,,44.56457,-123.26204,55780
Costa Mesa,,33.64113,-117.91867,113204
Cottage Grove,,44.82774,-92.94382,35918
Cottage Lake,,47.74427,-122.07735,22494
Cottonwood Heights,,40.61967,-111.81021,34343
Council Bluffs,,41.26194,-95.86083,62597
Country Club,,25.94815,-80.317,47105
Country Club Hills,,41.56809,-87.72033,16795
Country Walk,,25.63399,-80.43228,15997
Coventry,,41.7001,-71.68284,35525
Covina,,34.09001,-117.89034,48984
Covington (KY),,39.08367,-84.50855,40997
Covington (WA),,47.35818,-122.12216,19197
Cranberry Township,,40.68496,-80.10714,28098
Cranford,,40.65844,-74.29959,22627
Cranston,,41.77982,-71.43728,81073
Crawfordsville,,40.04115,-86.87445,16024
Crest Hill,,41.55475,-88.09867,21153
Crestview,,30.76213,-86.57051,23270
Creve Coeur,,38.66089,-90.42262,18276
Crofton,,39.00178,-76.68747,27348
Crown Point,,41.41698,-87.36531,28879
Crystal,,45.03274,-93.36023,22943
Crystal Lake,,42.24113,-88.3162,40448
Cudahy (CA),,33.96057,-118.18535,24311
Cudahy (WI),,42.95974,-87.86147,18353
Cullman,,34.17482,-86.84361,15350
Culpeper,,38.47318,-77.99666,17557
Culver City,,34.02112,-118.39647,39717
Cumberland (MD),,39.65287,-78.76252,20130
Cumberland (RI),,41.96677,-71.43284,34843
Cupertino,,37.323,-122.03218,60572
Cutler,,25.6151,-80.31061,18117
Cutler Bay,,25.5783,-80.3377,45425
Cutler Ridge,,25.58066,-80.34672,26831
Cuyahoga Falls,,41.13394,-81.48456,49146
Cypress (CA),,33.81696,-118.03729,49290
Cypress (TX),,29.96911,-95.69717,200839
Cypress Hills,,40.67705,-73.89125,54944
Dakota Ridge,,39.61638,-105.13934,33892
Dale City,,38.63706,-77.31109,65969
Dallas (OR),,44.91928,-123.31705,15277
Dallas (TX),,32.78306,-96.80667,1326087
Dalton,,34.7698,-84.97022,33853
Daly City,,37.70577,-122.46192,106562
Damascus,,39.28844,-77.20387,15257
Dana Point,,33.46697,-117.69811,34181
Danbury,,41.39482,-73.45401,84657
Dania Beach,,26.05231,-80.14393,31446
Danvers,,42.57509,-70.93005,26493
Danville (CA),,37.82159,-121.99996,44400
Danville (IL),,40.12448,-87.63002,32108
Danville (KY),,37.64563,-84.77217,16690
Danville (VA),,36.58597,-79.39502,42082
Daphne,,30.60353,-87.9036,24896
Darien (CT),,41.07871,-73.46929,20732
Darien (IL),,41.75198,-87.97395,22256
Davenport,,41.52364,-90.57764,102582
Davie,,26.06287,-80.2331,100882
Davis,,38.54491,-121.74052,67666
Dayton,,39.75895,-84.19161,135512
Daytona Beach,,29.21081,-81.02283,72647
De Pere,,44.44888,-88.06038,24724
DeBary,,28.88305,-81.30868,19998
DeKalb,,41.92947,-88.75036,43211
DeLand,,29.02832,-81.30312,30195
DeSoto,,32.58986,-96.85695,52486
Dearborn,,42.32226,-83.17631,95171
Dearborn Heights,,42.33698,-83.27326,56145
Decatur (AL),,34.60593,-86.98334,55437
Decatur (GA),,33.77483,-84.29631,21957
Decatur (IL),,39.84031,-88.9548,73254
Dedham,,42.24177,-71.16616,24729
Deer Park (NY),,40.76177,-73.32929,27745
Deer Park (TX),,29.70523,-95.12382,33806
Deer Valley,,33.68393,-112.13488,165656
Deerfield,,42.17114,-87.84451,19019
Deerfield Beach,,26.31841,-80.09977,79768
Defiance,,41.28449,-84.35578,16776
Del City,,35.44201,-97.44087,22022
Del Rio,,29.36273,-100.89676,36153
Delano,,35.76884,-119.24705,52733
Delaware,,40.29867,-83.06797,37995
Delray Beach,,26.46146,-80.07282,66255
Deltona,,28.90054,-81.26367,88474
Denison,,33.75566,-96.53666,23150
Denton,,33.21484,-97.13307,131044
Denver,,39.73915,-104.9847,729019
Denville,,40.89232,-74.47738,16669
Depew,,42.90395,-78.69225,15146
Derby,,37.54557,-97.26893,23509
Derry,,42.88064,-71.32729,22015
Derry Village,,42.89175,-71.31201,34539
Des Moines (IA),,41.60054,-93.60911,214133
Des Moines (WA),,47.40177,-122.32429,31221
Des Plaines,,42.03336,-87.8834,58677
Desert Hot Springs,,33.96173,-116.50353,28335
Detroit,,42.33143,-83.04575,645705
Detroit-Shoreway,,41.47772,-81.72991,17382
Diamond Bar,,34.02862,-117.81034,56897
Diamond Head / Kapahulu / Saint Louis Heights,,21.27697,-157.81127,19769
Dickinson (ND),,46.87918,-102.78962,23765
Dickinson (TX),,29.46079,-95.05132,19895
Dickson,,36.077,-87.38779,15359
Dinuba,,36.54328,-119.38707,23702
Dix Hills,,40.80482,-73.33623,26892
Dixiana,,33.74021,-86.64938,22940
Dixon (CA),,38.44546,-121.8233,19390
Dixon (IL),,41.83892,-89.47955,15319
Dodge City,,37.7528,-100.01708,27912
Dolton,,41.63892,-87.60727,23197
Donna,,26.17035,-98.05195,16523
Doral,,25.81954,-80.35533,75874
Dorchester,,42.29732,-71.0745,97826
Dothan,,31.22323,-85.39049,68567
Douglas (AZ),,31.34455,-109.54534,16592
Douglas (IL),,41.83476,-87.61811,20323
Douglasville,,33.7515,-84.74771,32897
Dover (DE),,39.15817,-75.52437,39403
Dover (NH),,43.19786,-70.87367,30880
Dover (NJ),,40.88399,-74.5621,18346
Downers Grove,,41.80892,-88.01117,49732
Downey,,33.94001,-118.13257,114219
Downtown DC,,38.8935,-77.01991,52560
Dracut,,42.67037,-71.30201,28831
Draper,,40.52467,-111.86382,46774
Drexel Heights,,32.14119,-111.02843,27749
Drexel Hill,,39.94706,-75.29213,28043
Duarte,,34.13945,-117.97729,21990
Dublin (CA),,37.70215,-121.93579,57721
Dublin (GA),,32.54044,-82.90375,16197
Dublin (OH),,40.09923,-83.11408,45098
Dubuque,,42.50056,-90.66457,58799
Duluth (GA),,34.00288,-84.14464,29193
Duluth (MN),,46.78327,-92.10658,86110
Dumas,,35.86559,-101.97324,15001
Dumont,,40.94065,-73.99681,18001
Duncan,,34.5023,-97.95781,23231
Duncanville,,32.6518,-96.90834,39826
Dundalk,,39.25066,-76.52052,63597
Dunedin,,28.0199,-82.77323,36164
Dunwoody,,33.94621,-84.33465,48733
Dupont Circle,,38.90844,-77.04414,23226
Durango,,37.27528,-107.88007,18006
Durant,,33.99399,-96.37082,17286
Durham,,35.99403,-78.89862,257636
Duxbury,,42.04177,-70.67226,15059
Dyer,,41.4942,-87.52171,16051
Dyersburg,,36.03452,-89.38563,16781
Dyker Heights,,40.62149,-74.00958,34399
Eagan,,44.80413,-93.16689,66286
Eagle,,43.69544,-116.35401,23612
Eagle Foothills,,43.74006,-116.38791,30000
Eagle Mountain,,40.31412,-112.00688,27332
Eagle Pass,,28.70914,-100.49952,28765
Eagle River,,61.32139,-149.56778,24793
Easley,,34.82984,-82.60152,20765
East Amherst,,43.01839,-78.6967,24914
East Boston,,42.3751,-71.03922,43066
East Brainerd,,34.99591,-85.15023,15114
East Brunswick,,40.42788,-74.41598,48495
East Chattanooga,,35.06535,-85.24912,154024
East Chicago,,41.6392,-87.45476,28699
East Cleveland,,41.53311,-81.57901,17344
East Concord,,43.24202,-71.53813,42605
East Elmhurst,,40.76121,-73.86514,23150
East Flatbush,,40.65371,-73.93042,178464
East Florence,,34.80953,-87.64947,35733
East Garfield Park,,41.88087,-87.70283,20656
East Hampton,,37.03737,-76.33161,147993
East Harlem,,40.79472,-73.9425,115921
East Hartford,,41.78232,-72.61203,51252
East Haven,,41.27621,-72.86843,29257
East Hemet,,33.74002,-116.93891,17418
East Hill-Meridian,,47.41052,-122.17369,29878
East Honolulu,,21.28906,-157.71734,49914
East Independence,,39.09556,-94.35523,110675
East Lake,,28.11085,-82.69482,30962
East Lake-Orient Park,,27.98269,-82.37878,22753
East Lansing,,42.73698,-84.48387,48471
East Longmeadow,,42.06454,-72.51259,15102
East Los Angeles,,34.0239,-118.17202,126496
East Massapequa,,40.67343,-73.43651,19069
East Meadow,,40.71399,-73.55902,38132
East Millcreek,,40.69995,-111.81049,20816
East Moline,,41.50087,-90.4443,21350
East Mount Airy,,40.0645,-75.1875,18516
East Naples,,26.13842,-81.76648,22951
East New York,,40.66677,-73.88236,173198
East Northport,,40.87676,-73.32456,20217
East Norwalk,,41.10565,-73.39845,84530
East Orange,,40.76732,-74.20487,64949
East Palo Alto,,37.46883,-122.14108,29662
East Patchogue,,40.76704,-72.99622,22469
East Pensacola Heights,,30.42881,-87.17997,54104
East Peoria,,40.66615,-89.5801,23080
East Point,,33.67955,-84.43937,35467
East Providence,,41.81371,-71.37005,47408
East Rancho Dominguez,,33.89807,-118.19535,15135
East Ridge,,35.01424,-85.2519,20979
East Riverdale,,38.958,-76.911,15509
East Saint Louis,,38.6245,-90.15094,27006
East Setauket,,40.94149,-73.10594,17006
East Tremont,,40.84538,-73.89097,22886
East Village,,40.72927,-73.98736,62832
Eastchester,,40.95833,-73.80861,19554
Easthampton,,42.26676,-72.66898,16611
Eastlake,,41.65394,-81.45039,18232
Eastmont,,47.8974,-122.18154,20101
Easton (MA),,42.02454,-71.12866,23459
Easton (MD),,38.77428,-76.07633,16617
Easton (PA),,40.68843,-75.22073,26915
Eastpointe,,42.46837,-82.95547,32657
Eastvale,,33.96358,-117.56418,59039
Eau Claire,,44.81135,-91.49849,67778
Echo Park,,34.07808,-118.26066,43832
Eden,,36.48847,-79.7667,15403
Eden Prairie,,44.85469,-93.47079,63496
Edgewater (FL),,28.98888,-80.90228,21566
Edgewater (IL),,41.98337,-87.66395,54873
Edgewood,,39.41872,-76.2944,25562
Edina,,44.88969,-93.34995,50138
Edinburg,,26.30174,-98.16334,84497
Edison,,40.51872,-74.4121,102548
Edmond,,35.65283,-97.4781,90092
Edmonds,,47.81065,-122.37736,41375
Edwardsville,,38.81144,-89.95316,24992
Eggertsville,,42.96339,-78.80392,15019
Egypt Lake-Leto,,28.01769,-82.50619,35282
El Cajon,,32.79477,-116.96253,103679
El Camino Real,,33.69662,-117.77668,15999
El Centro,,32.792,-115.56305,43956
El Cerrito,,37.91576,-122.31164,23549
El Dorado,,33.20763,-92.66627,18386
El Dorado Hills,,38.68574,-121.08217,42108
El Mirage,,33.61309,-112.3246,33935
El Monte,,34.06862,-118.02757,116732
El Paso,,31.75872,-106.48693,678815
El Reno,,35.53227,-97.95505,18516
El Segundo,,33.91918,-118.41647,17037
Eldersburg,,39.40371,-76.95026,30531
Elgin,,42.03725,-88.28119,112111
Elizabeth,,40.66399,-74.2107,129007
Elizabeth City,,36.2946,-76.25105,17988
Elizabethtown,,37.69395,-85.85913,29678
Elk Grove,,38.4088,-121.37162,166913
Elk Grove Village,,42.00392,-87.97035,33238
Elk River,,45.30385,-93.56718,23963
Elkhart,,41.68199,-85.97667,52348
Elko,,40.83242,-115.76312,20279
Elkridge,,39.21261,-76.71358,15593
Elkton,,39.60678,-75.83327,15782
Ellendale,,35.23064,-89.82592,25882
Ellensburg,,46.99651,-120.54785,19001
Ellicott City,,39.26733,-76.79831,65834
Elmhurst (IL),,41.89947,-87.94034,45957
Elmhurst (NY),,40.73649,-73.87791,113364
Elmira,,42.0898,-76.80773,28213
Elmont,,40.70094,-73.71291,33198
Elmwood,,39.91789,-75.22796,16988
Elmwood Park (IL),,41.92114,-87.80923,24840
Elmwood Park (NJ),,40.90399,-74.11848,20279
Eloise,,27.99474,-81.73813,23366
Eloy,,32.7559,-111.55484,17059
Elyria,,41.36838,-82.10765,53775
Emerson Hill,,40.60872,-74.09598,15412
Emporia,,38.4039,-96.18166,24649
Encanto,,33.47937,-112.07823,54614
Enchanted Hills,,35.33676,-106.59296,87521
Encinitas,,33.03699,-117.29198,62930
Encino,,34.15917,-118.50119,44581
Enfield,,41.97621,-72.59176,45212
Englewood (CO),,39.64777,-104.98776,33082
Englewood (IL),,41.77976,-87.64588,26121
Englewood (NJ),,40.89288,-73.97264,28539
Enid,,36.39559,-97.87839,51776
Ennis,,32.32931,-96.62527,19007
Ensley,,30.51881,-87.27275,20602
Enterprise (AL),,31.31517,-85.85522,27978
Enterprise (NV),,36.02525,-115.24194,108481
Erie (CO),,40.05026,-105.04998,21420
Erie (PA),,42.12922,-80.08506,99475
Erlanger,,39.01673,-84.60078,18797
Escondido,,33.11921,-117.08642,151038
Essex,,39.30927,-76.47496,39262
Estelle,,29.84576,-90.10674,16377
Estero,,26.43814,-81.80675,30799
Euclid,,41.5931,-81.52679,47676
Eugene,,44.05207,-123.08675,176654
Euless,,32.83707,-97.08195,54219
Eureka,,40.80207,-124.16367,27017
Eustis,,28.85277,-81.68535,19986
Evans (CO),,40.37637,-104.69219,21383
Evans (GA),,33.53375,-82.13067,29011
Evanston,,42.04114,-87.69006,75527
Evansville,,37.97476,-87.55585,119943
Everett (MA),,42.40843,-71.05366,46050
Everett (WA),,47.97898,-122.20208,108010
Evergreen Park,,41.72059,-87.70172,19841
Ewing,,40.26983,-74.79988,36559
Fair Lawn,,40.94038,-74.13181,33597
Fair Oaks,,38.64463,-121.27217,30912
Fairbanks,,64.83778,-147.71639,32325
Fairborn,,39.82089,-84.01938,33452
Fairfax,,38.84622,-77.30637,24013
Fairfield (CA),,38.24936,-122.03997,112970
Fairfield (CT),,41.14121,-73.26373,59052
Fairfield (OH),,39.34589,-84.5605,42767
Fairfield Heights,,39.82861,-86.38224,21285
Fairhaven,,41.6376,-70.90365,16453
Fairhope,,30.52297,-87.90333,18730
Fairland,,39.07622,-76.95775,23681
Fairmont,,39.48508,-80.14258,18733
Fairview Heights,,38.58894,-89.99038,16827
Fairview Park,,41.44144,-81.8643,16407
Fairwood,,47.44843,-122.15734,19102
Fall River,,41.70149,-71.15505,94000
Fallbrook,,33.37642,-117.25115,30534
Far Rockaway,,40.60538,-73.75513,39189
Fargo,,46.87719,-96.7898,118523
Faribault,,44.29496,-93.26883,23650
Farmers Branch,,32.92651,-96.89612,32689
Farmington (CT),,41.71982,-72.83204,25000
Farmington (MN),,44.64024,-93.14355,22731
Farmington (MO),,37.78088,-90.42179,18181
Farmington (NM),,36.72806,-108.21869,42871
Farmington (UT),,40.9805,-111.88744,22566
Farmington Hills,,42.48531,-83.37716,81330
Farmingville,,40.83121,-73.02955,15481
Farragut,,35.88452,-84.15353,21919
Fayetteville (AR),,36.06258,-94.15743,82830
Fayetteville (GA),,33.44873,-84.45493,16990
Fayetteville (NC),,35.05266,-78.87836,201963
Federal Way,,47.32232,-122.31262,95171
Fenway/Kenmore,,42.34491,-71.10017,37733
Ferguson,,38.74422,-90.30539,21059
Fern Creek,,38.15979,-85.58774,18409
Ferndale (MD),,39.18316,-76.64024,16746
Ferndale (MI),,42.46059,-83.13465,20177
Fernley,,39.60797,-119.25183,19418
Ferry Pass,,30.5102,-87.21247,28921
Fillmore,,34.39916,-118.91815,15548
Financial District,,40.70789,-74.00857,60976
Findlay,,41.04422,-83.64993,41149
Fishers,,39.95559,-86.01387,76794
Fishtown,,39.96511,-75.13545,16307
Fitchburg (MA),,42.58342,-71.8023,40545
Fitchburg (WI),,42.96083,-89.46984,27996
Five Corners,,45.68456,-122.5751,18159
Flagami,,25.76232,-80.31616,50834
Flagstaff,,35.19807,-111.65127,70320
Flatbush,,40.65205,-73.95903,93361
Flatlands,,40.62122,-73.93486,63601
Fleming Island,,30.0933,-81.71898,27126
Flint,,43.01253,-83.68746,98310
Floral Park,,40.72371,-73.70485,15969
Florence (AL),,34.79981,-87.67725,40026
Florence (AZ),,33.03145,-111.38734,31110
Florence (KY),,38.99895,-84.62661,32227
Florence (SC),,34.19543,-79.76256,38228
Florence-Graham,,33.96772,-118.24438,63387
Florida Ridge,,27.58031,-80.38672,18164
Florin,,38.49602,-121.40884,47513
Florissant,,38.78922,-90.32261,52268
Flower Mound,,33.01457,-97.09696,71253
Flowing Wells,,32.29396,-111.00982,16419
Foggy Bottom,,38.9015,-77.0622,22146
Foley,,30.40659,-87.6836,17218
Folsom,,38.67796,-121.17606,76375
Fond du Lac,,43.775,-88.43883,42933
Fontana,,34.09223,-117.43505,212704
Foothill Farms,,38.67877,-121.35114,33121
Fordham,,40.85927,-73.89847,94678
Fords,,40.52927,-74.31598,15187
Forest Grove,,45.51984,-123.11066,24457
Forest Hills (MI),,42.95947,-85.48975,25867
Forest Hills (NY),,40.71621,-73.85014,67714
Forest Lake,,45.27886,-92.98522,19618
Forest Park (GA),,33.62205,-84.36909,19383
Forest Park (OH),,39.29034,-84.50411,18676
Forney,,32.74818,-96.47193,18418
Fort Bragg,,35.139,-79.00603,29183
Fort Cavazos,,31.13489,-97.77561,29589
Fort Collins,,40.58526,-105.08442,170924
Fort Dodge,,42.49747,-94.16802,24649
Fort Hamilton,,40.61872,-74.0332,28966
Fort Hunt,,38.73289,-77.05803,16045
Fort Lauderdale,,26.12231,-80.14338,183146
Fort Lee,,40.85093,-73.97014,36672
Fort Leonard Wood,,37.70573,-92.15717,15061
Fort Myers,,26.62168,-81.84059,74013
Fort Pierce,,27.44671,-80.32561,44484
Fort Smith,,35.38592,-94.39855,88194
Fort Thomas,,39.07506,-84.44716,16398
Fort Walton Beach,,30.42059,-86.61707,21817
Fort Washington,,38.70734,-77.02303,23717
Fort Wayne,,41.1306,-85.12886,260326
Fort Worth,,32.72541,-97.32085,1008106
Fortuna Foothills,,32.65783,-114.41189,26265
Foster City,,37.55855,-122.27108,33477
Fountain,,38.68222,-104.70081,27767
Fountain Hills,,33.61171,-111.71736,23899
Fountain Valley,,33.70918,-117.95367,56987
Fountainebleau,,25.77288,-80.34783,59764
Four Corners (FL),,28.33287,-81.64738,26116
Four Corners (OR),,44.9279,-122.98371,15947
Fox Chase,,40.08122,-75.08017,19730
Framingham,,42.27926,-71.41617,68318
Framingham Center,,42.29732,-71.43701,65413
Franconia,,38.78206,-77.14637,18245
Frankford (MD),,39.32928,-76.54463,17135
Frankford (PA),,40.01384,-75.07859,23503
Frankfort (IL),,41.49587,-87.84866,18653
Frankfort (IN),,40.27948,-86.51084,16060
Frankfort (KY),,38.20091,-84.87328,28391
Franklin (IN),,39.48061,-86.05499,24598
Franklin (MA),,42.08343,-71.39673,30636
Franklin (TN),,35.92506,-86.86889,72639
Franklin (WI),,42.88863,-88.03842,36222
Franklin Park,,41.93531,-87.86562,18312
Franklin Square,,40.70732,-73.67596,29320
Frederick,,39.41427,-77.41054,69479
Fredericksburg,,38.30318,-77.46054,28118
Frederickson,,47.09621,-122.35873,18719
Freeport (IL),,42.29669,-89.62123,24476
Freeport (NY),,40.6576,-73.58318,43334
Fremont (CA),,37.54827,-121.98857,232206
Fremont (NE),,41.43333,-96.49808,26474
Fremont (OH),,41.35033,-83.12186,16297
Fresh Meadows,,40.73482,-73.79347,28397
Fresno (CA),,36.74773,-119.77237,542107
Fresno (TX),,29.53885,-95.44744,19069
Fridley,,45.08608,-93.26328,27713
Friendswood,,29.5294,-95.20104,38800
Frisco,,33.15067,-96.82361,154407
Front Royal,,38.91817,-78.19444,15070
Fruit Cove,,30.11107,-81.64176,29362
Fullerton,,33.87029,-117.92534,140847
Fuquay-Varina,,35.58432,-78.80001,23907
Gadsden,,34.01434,-86.00639,36084
Gage Park,,41.79503,-87.69616,41202
Gahanna,,40.01923,-82.87934,34590
Gainesville (FL),,29.65163,-82.32483,145214
Gainesville (GA),,34.29788,-83.82407,38712
Gainesville (TX),,33.62594,-97.13335,16292
Gaithersburg,,39.14344,-77.20137,67456
Galesburg,,40.94782,-90.37124,31273
Gallatin,,36.38838,-86.44666,34334
Gallup,,35.52808,-108.74258,23240
Galt,,38.25464,-121.29995,25303
Galveston,,29.30135,-94.7977,50180
Garden City (KS),,37.97169,-100.87266,27005
Garden City (MI),,42.32559,-83.33104,26920
Garden City (NY),,40.72677,-73.6343,22612
Garden Grove,,33.77391,-117.94145,175393
Gardena,,33.88835,-118.30896,60447
Gardner (KS),,38.81084,-94.92719,20868
Gardner (MA),,42.57509,-71.99813,20333
Garfield,,40.88149,-74.1132,31802
Garfield Heights,,41.417,-81.60596,28097
Garland,,32.91262,-96.63888,236897
Garner,,35.71126,-78.61417,28053
Gary,,41.59337,-87.34643,77156
Gastonia,,35.26208,-81.1873,74543
Gates-North Gates,,43.16547,-77.70066,15138
Gatesville,,31.43516,-97.74391,15724
Gautier,,30.38575,-88.61169,18570
Geneva,,41.88753,-88.30535,21806
Georgetown (KY),,38.2098,-84.55883,32356
Georgetown (TX),,30.63269,-97.67723,63716
Germantown (MD),,39.17316,-77.27165,86395
Germantown (TN),,35.08676,-89.81009,39240
Germantown (WI),,43.22862,-88.11037,19993
Gilbert,,33.35283,-111.78903,247542
Gillette,,44.29109,-105.50222,32649
Gilroy,,37.00578,-121.56828,53231
Gladstone,,39.20389,-94.55468,26861
Glassboro,,39.70289,-75.11184,19216
Glassmanor,,38.819,-76.99859,17295
Glastonbury,,41.71232,-72.60815,31876
Glen Avon,,34.01168,-117.48477,20199
Glen Burnie,,39.16261,-76.62469,67639
Glen Cove,,40.86232,-73.63374,27400
Glen Ellyn,,41.87753,-88.06701,28201
Glendale (AZ),,33.53865,-112.18599,240126
Glendale (CA),,34.14251,-118.25508,201020
Glendale (NY),,40.70149,-73.8868,34389
Glendale Heights,,41.9146,-88.06486,34208
Glendora,,34.13612,-117.86534,52009
Glenvar Heights,,25.7076,-80.32561,16898
Glenview,,42.06975,-87.78784,47446
Glenville (NY),,42.92924,-74.05207,29326
Glenville (OH),,41.53338,-81.61735,23559
Gloucester,,42.61405,-70.66313,29781
Gloversville,,43.05285,-74.34375,15023
Godfrey,,38.9556,-90.18678,17759
Golden,,39.75554,-105.2211,20330
Golden Gate,,26.18787,-81.69509,23961
Golden Glades,,25.91176,-80.20033,33145
Golden Triangle,,38.90524,-77.04362,17674
Golden Valley,,45.00969,-93.34912,21270
Goldsboro,,35.38488,-77.99277,35826
Goleta,,34.43583,-119.82764,30944
Goodings Grove,,41.6292,-87.93089,18569
Goodlettsville,,36.32311,-86.71333,16994
Goodyear,,33.43532,-112.35821,79003
Goose Creek,,32.98101,-80.03259,40633
Goshen,,41.58227,-85.83444,32983
Grafton,,42.20704,-71.68562,16583
Graham,,47.05288,-122.29428,23491
Gramercy Park,,40.7375,-73.98611,27988
Grand Boulevard,,41.81392,-87.61727,22373
Grand Forks,,47.92526,-97.03285,57011
Grand Island (NE),,40.92501,-98.34201,51440
Grand Island (NY),,43.03311,-78.96254,20813
Grand Junction,,39.06387,-108.55065,60358
Grand Prairie,,32.74596,-96.99778,187809
Grand Rapids,,42.96336,-85.66809,195097
Grandview,,38.88584,-94.53301,25256
Grandville,,42.90975,-85.76309,15953
Granger,,41.75338,-86.11084,30465
Granite Bay,,38.76323,-121.16384,20402
Granite City,,38.70144,-90.14872,29054
Graniteville,,40.62483,-74.14848,15272
Grants Pass,,42.43933,-123.33067,37088
Grapevine,,32.93429,-97.07807,51404
Gravesend,,40.5976,-73.96514,112229
Grayslake,,42.34447,-88.04175,20915
Great Bend,,38.36446,-98.76481,15717
Great Falls (MT),,47.50024,-111.30081,59638
Great Falls (VA),,38.99817,-77.28832,15427
Great Kills,,40.55427,-74.15153,22000
Greater Grand Crossing,,41.76113,-87.61485,32346
Greater Northdale,,28.10545,-82.52594,22079
Greater Upper Marlboro,,38.83142,-76.74827,18720
Greeley,,40.42331,-104.70913,108795
Green,,40.94589,-81.48317,25898
Green Bay,,44.51916,-88.01983,105207
Green Haven,,39.13955,-76.54774,19326
Green Valley,,31.85425,-110.9937,21391
Greenacres City,,26.62368,-80.12532,32963
Greenbelt,,39.00455,-76.87553,24272
Greenburgh,,41.03287,-73.84291,86764
Greeneville,,36.16316,-82.83099,15094
Greenfield (CA),,36.3208,-121.24381,17184
Greenfield (IN),,39.78504,-85.76942,21497
Greenfield (MA),,42.58759,-72.59953,19753
Greenfield (WI),,42.9614,-88.01259,37349
Greenpoint,,40.72371,-73.95097,34719
Greensboro,,36.07264,-79.79198,285342
Greenville (MS),,33.40898,-91.05978,32156
Greenville (NC),,35.61266,-77.36635,90597
Greenville (SC),,34.85262,-82.39401,64579
Greenville (TX),,33.13845,-96.11081,26515
Greenwood (IN),,39.61366,-86.10665,55586
Greenwood (MS),,33.51623,-90.17953,15431
Greenwood (SC),,34.1954,-82.16179,23260
Greenwood Village,,39.61721,-104.95081,15663
Greer,,34.93873,-82.22706,28365
Gresham,,45.49818,-122.43148,110553
Gretna,,29.91465,-90.05396,17880
Griffin,,33.24678,-84.26409,23211
Griffith,,41.52837,-87.42365,16378
Grosse Pointe Woods,,42.44365,-82.90686,15762
Grove City,,39.88145,-83.09296,39388
Groves,,29.94827,-93.91712,15750
Guilford,,41.28899,-72.68176,22498
Gulfport,,30.36742,-89.09282,71856
Gurnee,,42.3703,-87.90202,31056
Gwynn Oak,,39.33261,-76.69275,47092
H Street NE,,38.90015,-76.99587,21480
Hacienda Heights,,33.99307,-117.96868,54038
Hackensack,,40.88593,-74.04347,44834
Haddington,,39.96578,-75.23764,20073
Hagerstown,,39.64176,-77.71999,40432
Haines City,,28.1145,-81.62009,22807
Hallandale Beach,,25.9812,-80.14838,39488
Haltom City,,32.79957,-97.26918,44206
Ham Lake,,45.25024,-93.24995,16062
Hamden,,41.39593,-72.89677,59847
Hamilton,,39.3995,-84.56134,62407
Hammond (IN),,41.58337,-87.50004,77614
Hammond (LA),,30.50463,-90.46293,20480
Hampton,,37.02987,-76.34522,137148
Hamtramck,,42.39282,-83.04964,22002
Hanahan,,32.91851,-80.02203,17997
Hanford,,36.32745,-119.64568,55659
Hannibal,,39.70838,-91.35848,17839
Hanover (MA),,42.11316,-70.81199,16906
Hanover (MD),,39.19289,-76.72414,38088
Hanover (PA),,39.80066,-76.98304,15496
Hanover Park,,41.99947,-88.14507,38333
Happy Valley,,45.44679,-122.53037,18493
Harker Heights,,31.08351,-97.65974,29142
Harlem,,40.80788,-73.94542,116345
Harlingen,,26.19063,-97.6961,65774
Harrisburg,,40.2737,-76.88442,50183
Harrison (NJ),,40.74649,-74.15626,15474
Harrison (NY),,40.96899,-73.71263,28348
Harrisonburg,,38.44957,-78.86892,52538
Hartford,,41.76371,-72.68509,121054
Hartranft,,39.98483,-75.14712,19748
Harvey (IL),,41.61003,-87.64671,25194
Harvey (LA),,29.90354,-90.07729,20348
Haslett,,42.74698,-84.40108,19220
Hastings (MN),,44.7433,-92.85243,22554
Hastings (NE),,40.58612,-98.38839,24924
Hattiesburg,,31.32712,-89.29034,46805
Hauppauge,,40.82565,-73.20261,20882
Havelock,,34.87905,-76.90133,20364
Haverhill,,42.7762,-71.07728,62765
Havertown,,39.98095,-75.30852,50430
Hawai‘i Kai,,21.29637,-157.70175,30620
Hawthorne (CA),,33.9164,-118.35257,88451
Hawthorne (NJ),,40.94926,-74.15375,19074
Hayesville,,44.98595,-122.98287,19936
Hays,,38.87918,-99.32677,21092
Hayward,,37.66882,-122.0808,158289
Hazel Dell,,45.67151,-122.66288,19435
Hazel Park,,42.46254,-83.10409,16597
Hazelwood,,38.77144,-90.37095,25661
Hazleton,,40.95842,-75.97465,24825
Helena (AL),,33.29622,-86.8436,18264
Helena (MT),,46.59271,-112.03611,32091
Hell's Kitchen,,40.76496,-73.9909,45884
Hemet,,33.74761,-116.97307,83861
Hempstead,,40.70621,-73.61874,55547
Henderson (KY),,37.83615,-87.59001,28890
Henderson (NC),,36.32959,-78.39916,15271
Henderson (NV),,36.0397,-114.98194,285667
Hendersonville,,36.30477,-86.62,56018
Henrietta,,43.05923,-77.61222,42581
Hercules,,38.01714,-122.28858,25314
Hereford,,34.81521,-102.39932,15021
Hermiston,,45.84041,-119.28946,17201
Hermitage (PA),,41.23339,-80.44868,16028
Hermitage (TN),,36.19617,-86.6225,37814
Hermosa Beach,,33.86224,-118.39952,19860
Hernando,,34.82399,-89.9937,15503
Herndon,,38.96955,-77.3861,24568
Herriman,,40.51411,-112.03299,30835
Hesperia,,34.42639,-117.30088,93295
Hialeah,,25.8576,-80.27811,237069
Hialeah Gardens,,25.8651,-80.3245,23926
Hibbing,,47.42715,-92.93769,16204
Hickory,,35.73319,-81.3412,40374
Hicksville,,40.76843,-73.52513,41547
High Point,,35.95569,-80.00532,110268
Highland (CA),,34.12834,-117.20865,54854
Highland (IN),,41.55365,-87.45198,22936
Highland (UT),,40.42548,-111.79447,17989
Highland Park,,42.18169,-87.80034,29743
Highland Springs,,37.54598,-77.32776,15711
Highland Village,,33.09179,-97.04668,16149
Highlands Ranch,,39.55388,-104.96943,96713
Highview,,38.14285,-85.62413,15167
Hillcrest Heights,,38.83289,-76.95942,16469
Hilliard,,40.0334,-83.15825,33649
Hillsboro,,45.52289,-122.98983,102347
Hillsborough,,40.4776,-74.62682,38303
Hillside (NJ),,40.70121,-74.23015,22155
Hillside (NY),,40.70788,-73.7868,24808
Hilo,,19.72991,-155.09073,43263
Hilton Head,,32.21632,-80.75261,37099
Hilton Head Island,,32.19382,-80.73816,40512
Hinesville,,31.84688,-81.59595,33398
Hinsdale,,41.80086,-87.93701,17628
Hobart,,41.53226,-87.25504,28404
Hobbs,,32.70261,-103.13604,38416
Hoboken,,40.74399,-74.03236,53635
Hoffman Estates,,42.04281,-88.0798,52138
Holbrook,,40.81232,-73.07844,27195
Holden,,42.35176,-71.86341,17016
Holiday,,28.18779,-82.73955,22403
Holladay,,40.66884,-111.82466,30864
Holland,,42.78752,-86.10893,33742
Hollis,,40.71344,-73.76708,20269
Hollister,,36.85245,-121.4016,37462
Holly Springs,,35.65127,-78.83362,31377
Hollywood (CA),,34.09834,-118.32674,167664
Hollywood (FL),,26.0112,-80.14949,149728
Holmesburg,,40.0415,-75.02795,28046
Holt,,42.64059,-84.51525,23973
Holtsville,,40.81538,-73.04511,19714
Holyoke,,42.20426,-72.6162,40684
Homer Glen,,41.60003,-87.93811,24395
Homestead,,25.46872,-80.47756,80737
Homewood (AL),,33.47177,-86.80082,25708
Homewood (IL),,41.55726,-87.6656,19373
Honolulu,,21.30694,-157.85833,350964
Hoover,,33.40539,-86.81138,84848
Hopatcong Hills,,40.94399,-74.67072,16267
Hope Mills,,34.97044,-78.94531,16163
Hopewell,,37.30432,-77.2872,22378
Hopkins,,44.92496,-93.46273,17591
Hopkinsville,,36.86561,-87.49117,32205
Horizon City,,31.69261,-106.20748,19288
Horn Lake,,34.95537,-90.03481,26915
Hot Springs,,34.5037,-93.05518,35635
Hough,,41.512,-81.63652,16359
Houma,,29.59577,-90.71953,34287
Houston,,29.76328,-95.36327,2314157
Howard,,44.5436,-88.08816,19250
Howard Beach,,40.65788,-73.83625,26148
Huber Heights,,39.84395,-84.12466,38176
Hudson,,41.24006,-81.44067,22437
Hueytown,,33.45122,-86.99666,15710
Humble,,29.99883,-95.26216,15665
Hunt Valley,,39.49983,-76.64108,23915
Huntersville,,35.41069,-80.84285,52704
Hunting Park,,40.0165,-75.14379,17682
Huntington (IN),,40.8831,-85.49748,17095
Huntington (NY),,40.86815,-73.42568,18046
Huntington (WV),,38.41925,-82.44515,48638
Huntington Beach,,33.6603,-117.99923,201899
Huntington Park,,33.98168,-118.22507,59430
Huntington Station,,40.85343,-73.41151,33029
Huntley,,42.16808,-88.42814,26005
Hunts Point,,40.8126,-73.88402,27204
Huntsville (AL),,34.7304,-86.58594,215006
Huntsville (TX),,30.72353,-95.55078,40938
Hurricane,,37.17526,-113.28995,15501
Hurst,,32.82346,-97.17057,39016
Hutchinson,,38.06084,-97.92977,41569
Hutto,,30.5427,-97.54667,22722
Hyattsville,,38.95594,-76.94553,18501
Hybla Valley,,38.74761,-77.08303,15801
Hyde Park (IL),,41.7942,-87.59394,26893
Hyde Park (MA),,42.25565,-71.1245,31845
Idaho Falls,,43.46658,-112.03414,59184
Idylwood,,38.89511,-77.21165,17288
Ilchester,,39.226,-76.789,23476
Immokalee,,26.41869,-81.4173,24154
Imperial,,32.84755,-115.56944,17095
Imperial Beach,,32.58394,-117.11308,27408
Independence (KY),,38.94312,-84.54411,26819
Independence (MO),,39.09112,-94.41551,117255
Indian Trail,,35.07681,-80.66924,37073
Indianapolis,,39.76838,-86.15804,887642
Indianola,,41.35805,-93.55744,15467
Indio,,33.7207,-116.21677,87533
Inglewood,,33.96168,-118.35313,111666
Inglewood-Finn Hill,,47.72049,-122.23167,22707
Inkster,,42.2942,-83.30993,24672
Inver Grove Heights,,44.84802,-93.04272,34857
Iona,,26.52036,-81.96398,15369
Iowa City,,41.66113,-91.53017,74220
Irondequoit,,43.2134,-77.57972,51692
Irvine,,33.66946,-117.82311,256927
Irving,,32.81402,-96.94889,236607
Irving Park,,41.95336,-87.73645,56520
Irvington,,40.73232,-74.23487,61323
Iselin,,40.57538,-74.32237,18695
Isla Vista,,34.41333,-119.86097,23096
Islip,,40.72982,-73.21039,18689
Issaquah,,47.5301,-122.03262,36081
Ithaca,,42.44063,-76.49661,30788
Ives Estates,,25.96231,-80.17671,19525
Jackson (MI),,42.24587,-84.40135,33133
Jackson (MS),,32.29876,-90.18481,153701
Jackson (NJ),,39.7765,-74.86238,54856
Jackson (TN),,35.61452,-88.81395,66975
Jackson Heights,,40.75566,-73.88541,67067
Jacksonville (AR),,34.8662,-92.11015,28643
Jacksonville (FL),,30.33218,-81.65565,1009833
Jacksonville (IL),,39.73394,-90.22901,19103
Jacksonville (NC),,34.75405,-77.43024,67357
Jacksonville Beach,,30.29469,-81.39314,23064
Jamaica,,40.69149,-73.80569,216866
Jamaica Plain,,42.30982,-71.12033,37468
Jamestown (ND),,46.91054,-98.70844,15422
Jamestown (NY),,42.097,-79.23533,30075
Janesville,,42.68279,-89.01872,64123
Jasmine Estates,,28.29306,-82.6901,18989
Jasper,,38.39144,-86.93111,15451
Jefferson City,,38.5767,-92.17352,42595
Jeffersontown,,38.19424,-85.5644,26946
Jeffersonville,,38.27757,-85.73718,46960
Jenison,,42.90725,-85.79198,16538
Jenks,,36.02287,-95.96833,20740
Jersey City,,40.72816,-74.07764,264290
Johns Creek,,34.02893,-84.19858,83335
Johnson City,,36.31344,-82.35347,66027
Johnston (IA),,41.67304,-93.69772,20871
Johnston (RI),,41.82186,-71.50675,29247
Johnstown,,40.32674,-78.92197,19966
Joint Base Pearl Harbor Hickam,,21.34906,-157.94713,42184
Joliet,,41.52519,-88.0834,147861
Jollyville,,30.4427,-97.77501,16151
Jonesboro,,35.8423,-90.70428,73907
Joplin,,37.08423,-94.51328,51818
Junction City,,39.02861,-96.8314,24621
Juneau,,58.30194,-134.41972,31555
Juniata Park,,40.00845,-75.10879,17643
Jupiter,,26.93422,-80.09421,62707
Jurupa Valley,,33.99251,-117.51644,21930
Kahului,,20.88933,-156.47293,26337
Kailua,,21.40241,-157.74054,38635
Kaimukī,,21.27914,-157.80135,20878
Kalamazoo,,42.29171,-85.58723,76041
Kalihi Valley,,21.36373,-157.84294,20647
Kalihi-Palama,,21.32608,-157.87594,43805
Kalispell,,48.19579,-114.31291,22052
Kaneohe,,21.39994,-157.79895,34597
Kankakee,,41.12003,-87.86115,26676
Kannapolis,,35.48736,-80.62173,46144
Kansas City (KS),,39.11417,-94.62746,152933
Kansas City (MO),,39.09973,-94.57857,475378
Kapolei,,21.33555,-158.0582,15186
Kapolei Villages,,21.33596,-158.067,15408
Katy,,29.78579,-95.8244,16158
Kaukauna,,44.27804,-88.27205,15854
Kaysville,,41.03522,-111.93855,30472
Kearney,,40.69946,-99.08148,33021
Kearns,,40.65995,-111.99633,35731
Kearny,,40.76843,-74.14542,42137
Keene,,42.93369,-72.27814,23265
Keizer,,44.99012,-123.02621,37895
Keller,,32.93457,-97.25168,45758
Ken Caryl,,39.57582,-105.11221,32438
Kendale Lakes,,25.70816,-80.407,56148
Kendall,,25.67927,-80.31727,80241
Kendall West,,25.7065,-80.4388,36154
Kenmore (NY),,42.96589,-78.87004,15160
Kenmore (WA),,47.75732,-122.24401,22030
Kennedy Street,,38.9563,-77.01799,15251
Kenner,,29.99409,-90.24174,67091
Kennesaw,,34.02343,-84.61549,33584
Kennewick,,46.21125,-119.13723,78896
Kenosha,,42.58474,-87.82119,99858
Kensington,,40.64621,-73.97069,39120
Kent (OH),,41.15367,-81.35789,29810
Kent (WA),,47.38093,-122.23484,126952
Kentwood,,42.86947,-85.64475,51357
Kenwood,,41.8092,-87.59755,17601
Kernersville,,36.11986,-80.07365,23811
Kerrville,,30.04743,-99.14032,23136
Kettering,,39.6895,-84.16883,55525
Kew Gardens,,40.71427,-73.83097,18983
Kew Gardens Hills,,40.73002,-73.8234,37479
Key West,,24.55524,-81.78163,25755
Keystone,,28.15585,-82.62121,24039
Killeen,,31.11712,-97.7278,140806
Killingly Center,,41.83871,-71.86924,17282
King of Prussia,,40.08927,-75.39602,19936
Kingman,,35.18944,-114.05301,28912
Kings Bridge,,40.87871,-73.90514,75132
Kings Park,,40.88621,-73.25734,17282
Kingsessing,,39.93678,-75.22963,19668
Kingsland,,30.79996,-81.68983,16487
Kingsport,,36.54843,-82.56182,53014
Kingston,,41.92704,-73.99736,23436
Kingsville,,27.51587,-97.85611,26225
Kinston,,35.26266,-77.58164,21337
Kirkland,,47.68149,-122.20874,87281
Kirksville,,40.19475,-92.58325,17520
Kirkwood,,38.58339,-90.40678,27750
Kiryas Joel,,41.34204,-74.16792,32954
Kissimmee,,28.30468,-81.41667,69152
Klamath Falls,,42.22487,-121.78167,21399
Knoxville,,35.96064,-83.92074,190740
Kokomo,,40.48643,-86.1336,57995
Koolauloa,,21.60579,-157.9265,15697
Koreatown,,34.05779,-118.30091,124281
Kuliouou - Kalani Iki,,21.29713,-157.745,16195
Kuna,,43.49183,-116.42012,17226
Kyle,,29.98911,-97.87723,35733
Kīhei,,20.76462,-156.44578,20881
La Cañada Flintridge,,34.19917,-118.18785,20246
La Crescenta-Montrose,,34.23216,-118.23529,19653
La Crosse,,43.80136,-91.23958,52306
La Grange,,41.80503,-87.86923,15723
La Habra,,33.93196,-117.94617,62131
La Jolla,,32.84727,-117.2742,42808
La Marque,,29.36857,-94.97131,15908
La Mesa,,32.76783,-117.02308,60089
La Mirada,,33.91724,-118.01201,49520
La Palma,,33.8464,-118.04673,15904
La Porte (IN),,41.60774,-86.71389,21916
La Porte (TX),,29.66578,-95.01937,35148
La Presa,,32.70811,-116.99725,34169
La Puente,,34.02001,-117.94951,40745
La Quinta,,33.66336,-116.31001,40476
La Vergne,,36.01562,-86.58194,34794
La Verne,,34.10084,-117.76784,32681
La Vista,,41.18389,-96.03113,16921
LaGrange,,33.03929,-85.03133,29588
Lacey,,47.03426,-122.82319,46409
Lackawanna,,42.82561,-78.82337,17965
Laconia,,43.52785,-71.47035,16227
Ladera Ranch,,33.57086,-117.63561,22980
Lafayette (CA),,37.88576,-122.11802,25843
Lafayette (CO),,39.9936,-105.08971,27729
Lafayette (IN),,40.4167,-86.87529,71111
Lafayette (LA),,30.22409,-92.01984,121374
Laguna,,38.42102,-121.42384,46621
Laguna Beach,,33.54225,-117.78311,23365
Laguna Hills,,33.61252,-117.71283,31748
Laguna Niguel,,33.52253,-117.70755,65806
Laguna Woods,,33.6103,-117.72533,16406
Lake Butler,,28.50167,-81.54091,15400
Lake Charles,,30.21309,-93.2044,76070
Lake Elsinore,,33.66808,-117.32726,61981
Lake Forest (CA),,33.64697,-117.68922,82492
Lake Forest (IL),,42.25863,-87.84063,19408
Lake Havasu City,,34.4839,-114.32245,53553
Lake Jackson,,29.03386,-95.43439,27533
Lake Magdalene,,28.07418,-82.47176,28509
Lake Mary,,28.75888,-81.31784,16021
Lake Oswego,,45.42067,-122.67065,38496
Lake Ridge,,38.68789,-77.29776,41058
Lake Ronkonkoma,,40.8351,-73.13122,20155
Lake Shore,,39.10705,-76.48496,19477
Lake Stevens,,48.0151,-122.06374,30886
Lake Wales,,27.90141,-81.58591,15541
Lake Worth Beach,,26.61708,-80.07231,37498
Lake Worth Corridor,,26.61649,-80.10102,20635
Lake Zurich,,42.19697,-88.09341,19993
Lake in the Hills,,42.18169,-88.33036,29024
Lakeland,,28.03947,-81.9498,104401
Lakeside (CA),,32.85727,-116.92225,20648
Lakeside (FL),,30.12996,-81.76815,30943
Lakeville,,44.64969,-93.24272,60633
Lakewood (CA),,33.85363,-118.13396,81611
Lakewood (CO),,39.70471,-105.08137,152597
Lakewood (NJ),,40.09789,-74.21764,53805
Lakewood (OH),,41.48199,-81.79819,50656
Lakewood (WA),,47.17176,-122.51846,59829
Lamont,,35.25968,-118.91427,15120
Lancaster (CA),,34.69804,-118.13674,161103
Lancaster (OH),,39.71368,-82.59933,39766
Lancaster (PA),,40.03788,-76.30551,59339
Lancaster (TX),,32.59208,-96.75611,38801
Land O' Lakes,,28.2189,-82.45759,31996
Landover,,38.934,-76.89664,23078
Langley Park,,38.98872,-76.98136,18755
Lanham-Seabrook,,38.96835,-76.85108,18190
Lansdale,,40.2415,-75.28379,16512
Lansing (IL),,41.56476,-87.53893,28349
Lansing (MI),,42.73253,-84.55553,112644
Laplace,,30.06698,-90.48147,29872
Laramie,,41.31137,-105.5911,32158
Laredo,,27.50641,-99.50754,256153
Largo,,27.90979,-82.78842,81000
Las Cruces,,32.31232,-106.77834,101643
Las Vegas,,36.17497,-115.13722,641903
Latham,,42.74702,-73.75901,20736
Lathrop,,37.8227,-121.27661,20866
Lauderdale Lakes,,26.16647,-80.20838,34796
Lauderhill,,26.14036,-80.21338,71579
Laurel (MD),,39.09928,-76.84831,26215
Laurel (MS),,31.69405,-89.13061,18837
Laurel (VA),,37.64292,-77.50887,16713
Laurelton,,40.67019,-73.74659,21053
Laurinburg,,34.77405,-79.46282,15507
Lawndale (CA),,33.88724,-118.35257,33430
Lawndale (PA),,40.05039,-75.09156,24134
Lawrence (IN),,39.83865,-86.02526,47809
Lawrence (KS),,38.97167,-95.23525,93917
Lawrence (MA),,42.70704,-71.16311,80231
Lawrenceville,,33.95621,-83.98796,30493
Lawton,,34.60869,-98.39033,96655
Layton,,41.06022,-111.97105,74143
League City,,29.50745,-95.09493,98312
Lealman,,27.82114,-82.67927,19879
Leander,,30.57881,-97.85307,59202
Leavenworth,,39.31111,-94.92246,35980
Leawood,,38.96667,-94.6169,34579
Lebanon (IN),,40.04837,-86.46917,15892
Lebanon (OH),,39.43534,-84.20299,20623
Lebanon (OR),,44.53651,-122.90703,16324
Lebanon (PA),,40.34093,-76.41135,25534
Lebanon (TN),,36.20811,-86.2911,30262
Ledyard,,41.43982,-72.01424,15212
Lee's Summit,,38.91084,-94.38217,95094
Leesburg (FL),,28.81082,-81.87786,21993
Leesburg (VA),,39.11566,-77.5636,51209
Lehi,,40.39162,-111.85077,58486
Lehigh Acres,,26.62535,-81.6248,86784
Leisure City,,25.49539,-80.42922,26324
Leland,,34.25628,-78.04471,17924
Lemay,,38.53339,-90.27928,16645
Lemon Grove,,32.74255,-117.03142,26709
Lemont,,41.67364,-88.00173,16788
Lemoore,,36.30078,-119.78291,25647
Lenexa,,38.95362,-94.73357,52490
Lennox,,33.93807,-118.35258,22753
Lenoir,,35.91402,-81.53898,17888
Lents,,45.47984,-122.56731,20156
Leominster,,42.52509,-71.75979,41569
Levittown (NY),,40.72593,-73.51429,51881
Levittown (PA),,40.15511,-74.82877,52983
Lewiston (ID),,46.41655,-117.01766,32544
Lewiston (ME),,44.10035,-70.21478,36202
Lewiston Orchards,,46.38044,-116.97543,31422
Lewisville,,33.04623,-96.99417,104039
Lexington (KY),,37.98869,-84.47772,320347
Lexington (MA),,42.44732,-71.2245,31394
Lexington (NC),,35.82403,-80.25338,19326
Lexington (SC),,33.98154,-81.23621,20138
Lexington-Fayette,,38.0498,-84.45855,314488
Liberal,,37.04308,-100.921,20746
Liberty,,39.24611,-94.41912,30450
Libertyville,,42.28308,-87.95313,20436
Liliha - Kapalama,,21.33735,-157.85418,24953
Lima,,40.74255,-84.10523,37873
Limerick,,40.23093,-75.52212,18074
Lincoln (CA),,38.89156,-121.29301,49757
Lincoln (NE),,40.8,-96.66696,294757
Lincoln (RI),,41.92111,-71.435,21670
Lincoln Park (IL),,41.9217,-87.64783,66959
Lincoln Park (MI),,42.25059,-83.17854,37012
Lincoln Square,,41.97587,-87.68922,40761
Lincolnia,,38.81845,-77.14331,22855
Linda,,39.12767,-121.5508,17773
Linden,,40.62205,-74.24459,42021
Lindenhurst,,40.68677,-73.37345,27277
Lindenwold,,39.82428,-74.99767,17613
Lino Lakes,,45.16024,-93.08883,21050
Linton Hall,,38.75984,-77.57499,35725
Lisle,,41.80114,-88.07479,22964
Lithia Springs,,33.794,-84.66049,15491
Little Elm,,33.16262,-96.93751,38341
Little Havana,,25.76806,-80.23306,53430
Little Rock,,34.74648,-92.28959,202591
Littleton,,39.61332,-105.01665,46368
Live Oak (CA),,36.98356,-121.98052,17158
Live Oak (TX),,29.56523,-98.3364,15346
Livermore,,37.68187,-121.76801,88126
Livingston,,40.79593,-74.31487,27853
Livonia,,42.36837,-83.35271,94635
Lochearn,,39.34066,-76.72219,25333
Lockport (IL),,41.58948,-88.05784,25175
Lockport (NY),,43.17061,-78.69031,20624
Lodi (CA),,38.1302,-121.27245,64596
Lodi (NJ),,40.88232,-74.0832,24835
Logan (PA),,40.02845,-75.15157,21926
Logan (UT),,41.73549,-111.83439,50371
Logan Square,,41.92337,-87.69922,73702
Logansport,,40.75448,-86.35667,17793
Loma Linda,,34.04835,-117.26115,24045
Lombard,,41.88003,-88.00784,43797
Lomita,,33.79224,-118.31507,20785
Lompoc,,34.63915,-120.45794,44164
Long Beach (CA),,33.76696,-118.18923,474140
Long Beach (MS),,30.35048,-89.15282,15555
Long Beach (NY),,40.58844,-73.65791,33550
Long Branch,,40.30428,-73.99236,30941
Long Island City,,40.74482,-73.94875,25595
Longfellow Community,,44.94256,-93.22557,29295
Longmeadow,,42.0501,-72.58287,15784
Longmont,,40.16721,-105.10193,92088
Longview (TX),,32.5007,-94.74049,82287
Longview (WA),,46.13817,-122.93817,36848
Lorain,,41.45282,-82.18237,63647
Lorton,,38.70428,-77.22776,18610
Los Altos,,37.38522,-122.11413,30671
Los Angeles,,34.05223,-118.24368,3820914
Los Banos,,37.05828,-120.84992,37457
Los Gatos,,37.22661,-121.97468,30705
Los Lunas,,34.80617,-106.73336,15336
Louisville (CO),,39.97776,-105.13193,20396
Louisville (KY),,38.25424,-85.75941,624444
Loveland,,40.39776,-105.07498,75182
Loves Park,,42.32002,-89.05816,23455
Lowell,,42.63342,-71.31617,110699
Lower Moyamensing,,39.91956,-75.16475,16481
Lower West Side,,41.8542,-87.66561,34410
Lubbock,,33.57786,-101.85517,249042
Ludlow,,42.16009,-72.47592,22201
Lufkin,,31.33824,-94.7291,36333
Lumberton,,34.61834,-79.01045,21667
Lutherville-Timonium,,39.43997,-76.61099,15814
Lutz,,28.15112,-82.46148,19344
Lynbrook,,40.65483,-73.6718,19558
Lynchburg,,37.41375,-79.14225,79812
Lyndhurst,,40.81204,-74.12431,19996
Lynn,,42.46676,-70.94949,92457
Lynn Haven,,30.24548,-85.64826,20156
Lynnwood,,47.82093,-122.31513,36997
Lynwood,,33.93029,-118.21146,71989
Mableton,,33.81872,-84.58243,37115
Machesney Park,,42.34724,-89.039,22927
Macomb,,40.45921,-90.6718,18547
Macon,,32.84069,-83.6324,91351
Madera,,36.96134,-120.06072,64208
Madison (AL),,34.69926,-86.74833,46962
Madison (CT),,41.27954,-72.59843,19100
Madison (MS),,32.46181,-90.11536,25799
Madison (NJ),,40.75982,-74.4171,16126
Madison (WI),,43.07305,-89.40123,280305
Madison Heights,,42.48587,-83.1052,30198
Madisonville,,37.3281,-87.49889,19539
Magna,,40.70911,-112.10161,26505
Mahwah,,41.08871,-74.14376,24062
Maitland,,28.62778,-81.36312,17463
Makakilo,,21.35237,-158.08655,18248
Makakilo / Kapolei / Honokai Hale,,21.3374,-158.09676,46389
Makakilo City,,21.34694,-158.08583,15383
Makakilo-Makaīwa Hills-Kunia,,21.36676,-158.07326,20967
Makiki / Lower Punchbowl / Tantalus,,21.31756,-157.83122,31434
Malden,,42.4251,-71.06616,61068
Mamaroneck,,40.94871,-73.73263,19375
Manassas,,38.75095,-77.47527,41764
Manassas Park,,38.784,-77.46971,15726
Manchester (CT),,41.77593,-72.52148,30577
Manchester (MO),,38.597,-90.50929,18229
Manchester (NH),,42.99564,-71.45479,110229
Mandan,,46.82666,-100.88958,21382
Manhattan (KS),,39.18361,-96.57167,56308
Manhattan (NY),,40.78343,-73.96625,1487536
Manhattan Beach,,33.88474,-118.41091,35818
Manhattan Valley,,40.79389,-73.965,38500
Manitowoc,,44.08861,-87.65758,33010
Mankato,,44.15906,-94.00915,41044
Manoa,,21.31608,-157.80423,23343
Mansfield (MA),,42.03343,-71.21894,23380
Mansfield (OH),,40.75839,-82.51545,46830
Mansfield (TX),,32.56319,-97.14168,64274
Mansfield City,,41.76593,-72.23369,26439
Manteca,,37.79743,-121.21605,75448
Maple Grove,,45.07246,-93.45579,68385
Maple Heights,,41.41533,-81.56596,22631
Maple Shade,,39.95261,-74.99239,19077
Maple Valley,,47.39272,-122.04641,25686
Maplewood (MN),,44.95302,-92.99522,40567
Maplewood (NJ),,40.73121,-74.27348,25008
Marana,,32.43674,-111.22538,41315
Marblehead,,42.5001,-70.85783,19808
Marco Island,,25.94121,-81.71842,17690
Margate,,26.24453,-80.20644,57234
Maricopa,,33.05811,-112.04764,48602
Marietta,,33.9526,-84.54993,59067
Marina,,36.6844,-121.80217,21229
Mariners Harbor,,40.63677,-74.15875,19905
Marion (IA),,42.03417,-91.59768,37330
Marion (IL),,37.73061,-88.93313,17803
Marion (IN),,40.55837,-85.65914,29081
Marion (OH),,40.58867,-83.12852,36363
Marion Oaks,,29.00859,-82.18315,19034
Marlboro,,40.31539,-74.24626,40191
Marlborough,,42.34593,-71.55229,39818
Marquette,,46.54354,-87.39542,21297
Marrero,,29.89937,-90.10035,33141
Marshall,,32.54487,-94.36742,23820
Marshalltown,,42.04943,-92.90798,27620
Marshfield,,44.66885,-90.1718,18620
Martha Lake,,47.85093,-122.2393,15473
Martinez (CA),,38.01937,-122.13413,38137
Martinez (GA),,33.51736,-82.07567,35795
Martinsburg,,39.45621,-77.96389,17700
Maryland City,,39.09205,-76.81775,16093
Maryland Heights,,38.71311,-90.42984,27389
Marysville (OH),,40.23645,-83.36714,22817
Marysville (WA),,48.05176,-122.17708,66773
Maryvale,,33.50199,-112.17765,208189
Maryville,,35.75647,-83.97046,28464
Mason,,39.36006,-84.30994,32662
Mason City,,43.15357,-93.20104,27366
Maspeth,,40.72316,-73.91264,48325
Massapequa,,40.68066,-73.47429,21685
Massapequa Park,,40.68038,-73.45512,17232
Massillon,,40.79672,-81.52151,32252
Mastic,,40.80204,-72.84094,15481
Mattapan,,42.27232,-71.087,36299
Matteson,,41.50392,-87.7131,19195
Matthews,,35.11681,-80.72368,30678
Mattoon,,39.48309,-88.37283,18113
Mauldin,,34.77873,-82.31012,25135
Maumelle,,34.86676,-92.40432,17931
Mayfield Heights,,41.51922,-81.4579,18840
Maywood (CA),,33.98668,-118.18535,27888
Maywood (IL),,41.8792,-87.84312,24012
McAlester,,34.93343,-95.76971,18310
McAllen,,26.20341,-98.23001,140269
McCully - Moiliili,,21.29461,-157.83118,28249
McDonough,,33.44734,-84.14686,23417
McHenry,,42.33335,-88.26675,26657
McKeesport,,40.34785,-79.86422,19453
McKinley Park,,41.8317,-87.67366,15612
McKinleyville,,40.94652,-124.10062,15177
McKinney,,33.19762,-96.61527,162898
McLean,,38.93428,-77.17748,48115
McMinnville,,45.21012,-123.19872,33892
Mead Valley,,33.83335,-117.29615,18510
Meadow Woods,,28.38556,-81.36646,25558
Meadowbrook,,37.44882,-77.47353,18312
Meads,,38.41258,-82.70905,288649
Mechanicsville,,37.60876,-77.37331,36348
Medford (MA),,42.41843,-71.10616,57403
Medford (NY),,40.8176,-73.00011,24142
Medford (OR),,42.32652,-122.87559,79805
Medina,,41.13839,-81.86375,26339
Mehlville,,38.50839,-90.32289,28380
Melbourne,,28.08363,-80.60811,84678
Melrose (MA),,42.45843,-71.06616,27997
Melrose (NY),,40.82455,-73.91041,22470
Melrose Park,,41.90059,-87.85673,25379
Melville,,40.79343,-73.41512,18985
Memphis,,35.14953,-90.04898,633104
Menasha,,44.20221,-88.4465,17572
Menifee,,33.72835,-117.14642,87174
Menlo Park,,37.45383,-122.18219,33449
Menomonee Falls,,43.1789,-88.11731,36119
Menomonie,,44.87552,-91.91934,16305
Mentor,,41.66616,-81.33955,46901
Mequon,,43.21555,-88.03001,23132
Merced,,37.30216,-120.48297,82436
Mercedes,,26.1498,-97.91361,16657
Mercer Island,,47.57065,-122.22207,25042
Mercerville-Hamilton Square,,40.23126,-74.67223,26419
Meriden,,41.53815,-72.80704,59988
Meridian (ID),,43.61211,-116.39151,90739
Meridian (MS),,32.36431,-88.70366,39661
Merrick,,40.66288,-73.55152,22097
Merrifield,,38.87428,-77.22693,15212
Merrillville,,41.48281,-87.33281,35224
Merrimack,,42.86509,-71.4934,26726
Merritt Island,,28.359,-80.69,34743
Mesa,,33.42227,-111.82264,471825
Mesquite (NV),,36.80553,-114.06719,17496
Mesquite (TX),,32.7668,-96.59916,144788
Metairie,,29.98409,-90.15285,138481
Metairie Terrace,,29.97854,-90.16396,142489
Methuen,,42.7262,-71.19089,52044
Miami,,25.77427,-80.19366,487014
Miami Beach,,25.79065,-80.13005,92312
Miami Gardens,,25.94204,-80.2456,113187
Miami Lakes,,25.90871,-80.30866,30972
Miamisburg,,39.64284,-84.28661,20034
Michigan City,,41.70754,-86.89503,31459
Mid-City,,34.04126,-118.36058,83000
Middle River,,39.33427,-76.43941,25191
Middle Village,,40.71649,-73.88125,29491
Middleborough,,41.89316,-70.91115,23116
Middleburg Heights,,41.36144,-81.81291,15696
Middleton,,43.09722,-89.50429,18979
Middletown (CT),,41.56232,-72.65065,46756
Middletown (DE),,39.44956,-75.71632,20372
Middletown (NJ),,40.39428,-74.11709,65490
Middletown (NY),,41.44593,-74.42293,27812
Middletown (OH),,39.51506,-84.39828,48760
Middletown (RI),,41.54566,-71.29144,17303
Midland (MI),,43.61558,-84.24721,42200
Midland (TX),,31.99735,-102.07791,132524
Midlothian (TX),,32.48236,-96.99445,22318
Midlothian (VA),,37.50598,-77.64916,18320
Midvale,,40.61106,-111.89994,32613
Midway,,30.40648,-87.00553,16115
Midwest City,,35.44951,-97.3967,57249
Milford (CT),,41.22232,-73.0565,52759
Milford (MA),,42.13982,-71.51617,25055
Milford Mill,,39.34788,-76.76997,29042
Mililani Mauka,,21.47793,-157.99452,21075
Mililani Mauka / Launani Valley,,21.47885,-157.98799,18072
Mililani Town,,21.4504,-158.01503,27629
Mill Creek,,47.8601,-122.2043,20043
Mill Creek East,,47.83602,-122.18766,15709
Millbrae,,37.59855,-122.38719,22795
Millbrook,,32.47986,-86.36192,15314
Millburn,,40.72482,-74.30404,20149
Millcreek,,40.68689,-111.87549,62139
Milledgeville,,33.08014,-83.2321,18931
Millville,,39.40206,-75.03934,28230
Milpitas,,37.42827,-121.90662,77604
Milton (GA),,34.13216,-84.30067,37547
Milton (MA),,42.24954,-71.06616,27003
Milwaukee,,43.0389,-87.90647,563531
Milwaukie,,45.44623,-122.63926,20830
Mineola,,40.74927,-73.64068,19139
Minneapolis,,44.97997,-93.26384,410939
Minnetonka,,44.9133,-93.50329,51669
Minnetonka Mills,,44.94107,-93.4419,50117
Minot,,48.23251,-101.29627,49450
Mint Hill,,35.17959,-80.64729,25627
Mira Mesa,,32.9156,-117.14392,70000
Miramar,,25.98731,-80.23227,137132
Mishawaka,,41.66199,-86.15862,48261
Mission,,26.21591,-98.32529,83298
Mission Bend,,29.69384,-95.66495,36501
Mission District,,37.75993,-122.41914,47234
Mission Hill,,42.33437,-71.10845,18722
Mission Viejo,,33.60002,-117.672,97156
Missoula,,46.87215,-113.994,71022
Missouri City,,29.61857,-95.53772,74139
Mitchell,,43.70943,-98.0298,15669
Mobile,,30.69436,-88.04305,183289
Modesto,,37.6391,-120.99688,211266
Mokena,,41.52614,-87.88922,19923
Moline,,41.5067,-90.51513,42681
Monroe (LA),,32.50931,-92.1193,49598
Monroe (MI),,41.91643,-83.39771,20092
Monroe (NC),,34.98543,-80.54951,34623
Monroe (WA),,47.85538,-121.97096,18090
Monroeville,,40.42118,-79.7881,28176
Monrovia,,34.14806,-117.99895,37463
Monsey,,41.11121,-74.06848,18412
Montclair (CA),,34.07751,-117.68978,38690
Montclair (NJ),,40.82593,-74.20903,39701
Montclair (VA),,38.61095,-77.33971,19570
Montebello,,34.00946,-118.10535,63921
Monterey,,36.60024,-121.89468,28338
Monterey Park,,34.06251,-118.12285,61468
Montgomery (AL),,32.36681,-86.29997,195287
Montgomery (IL),,41.73058,-88.3459,19489
Montgomery Village,,39.17677,-77.19526,32032
Montrose,,38.47832,-107.87617,19062
Montville Center,,41.47899,-72.15119,20180
Moore,,35.33951,-97.4867,60451
Mooresville,,35.58486,-80.81007,36009
Moorhead,,46.87386,-96.76951,42005
Moorpark,,34.28556,-118.88204,36104
Moraga,,37.83493,-122.12969,17256
Moreno Valley,,33.93752,-117.23059,204198
Morgan Hill,,37.1305,-121.65439,42948
Morgan Park,,41.69031,-87.66672,22924
Morganton,,35.74541,-81.68482,16692
Morgantown,,39.62953,-79.9559,30708
Morningside Heights,,40.81,-73.9625,55929
Morris Heights,,40.84982,-73.91986,40982
Morrisania,,40.82927,-73.90653,23127
Morristown (NJ),,40.79677,-74.48154,18594
Morristown (TN),,36.21398,-83.29489,29478
Morrisville,,35.82348,-78.82556,23820
Morton,,40.61282,-89.45926,16306
Morton Grove,,42.04059,-87.78256,23448
Moscow,,46.73239,-117.00017,25060
Moses Lake,,47.13014,-119.27808,22082
Mott Haven,,40.80899,-73.92291,51450
Mount Clemens,,42.59726,-82.87798,16400
Mount Greenwood,,41.69809,-87.70866,18783
Mount Juliet,,36.20005,-86.51861,31540
Mount Laurel,,39.934,-74.891,41864
Mount Lebanon,,40.35535,-80.0495,32730
Mount Pleasant (DC),,38.93067,-77.04081,35842
Mount Pleasant (MI),,43.59781,-84.76751,26060
Mount Pleasant (SC),,32.79407,-79.86259,81317
Mount Pleasant (TX),,33.15679,-94.96827,16051
Mount Pleasant (WI),,42.69743,-87.85577,26272
Mount Prospect,,42.06642,-87.93729,54747
Mount Vernon (IL),,38.31727,-88.90312,15087
Mount Vernon (NY),,40.9126,-73.83708,68628
Mount Vernon (OH),,40.3934,-82.48572,16742
Mount Vernon (WA),,48.42122,-122.33405,34053
Mount Vernon Triangle,,38.90232,-77.01685,21897
Mountain Brook,,33.50094,-86.75221,20691
Mountain View,,37.38605,-122.08385,80435
Mountlake Terrace,,47.78815,-122.30874,20989
Mukilteo,,47.94454,-122.30458,21226
Muncie,,40.19338,-85.38636,70087
Mundelein,,42.26308,-88.00397,31582
Munster,,41.56448,-87.51254,22984
Murfreesboro,,35.84562,-86.39027,165430
Murphy,,33.01512,-96.61305,20610
Murray (KY),,36.61033,-88.31476,18954
Murray (UT),,40.66689,-111.88799,49250
Murrieta,,33.55391,-117.21392,109830
Murrysville,,40.4284,-79.69755,20134
Muscatine,,41.42447,-91.04321,23968
Muskego,,42.90585,-88.13898,24755
Muskegon,,43.23418,-86.24839,38401
Muskogee,,35.74788,-95.36969,38456
Mustang,,35.38423,-97.72449,20226
Myrtle Beach,,33.68906,-78.88669,31035
Myrtle Grove,,30.42103,-87.30747,15870
Mō‘ili‘ili,,21.29467,-157.83002,24778
Nacogdoches,,31.60351,-94.65549,33894
Nampa,,43.54072,-116.56346,89839
Nanuet,,41.08871,-74.01347,17882
Napa,,38.29714,-122.28553,80434
Naperville,,41.78586,-88.14729,147100
Naples,,26.14234,-81.79596,21512
Narragansett,,41.4501,-71.4495,15868
Nashua,,42.76537,-71.46757,87970
Nashville,,36.16589,-86.78444,689447
Natchez,,31.56017,-91.40329,15128
Natchitoches,,31.76072,-93.08627,18365
Natick,,42.28343,-71.3495,32276
National City,,32.67811,-117.0992,61060
Naugatuck,,41.48593,-73.05066,31538
Navarre,,30.40159,-86.86357,31378
Near North Side,,41.90003,-87.6345,85711
Near South Side,,41.8567,-87.62477,22401
Nederland,,29.97438,-93.9924,17196
Needham,,42.28343,-71.23283,28886
Neenah,,44.18582,-88.46261,25792
New Albany,,38.28562,-85.82413,36732
New Bedford,,41.63526,-70.92701,101079
New Berlin,,42.9764,-88.10842,39825
New Bern,,35.10849,-77.04411,30070
New Braunfels,,29.703,-98.12445,70543
New Brighton,,45.06552,-93.20189,22351
New Britain,,41.66121,-72.77954,72808
New Brunswick,,40.48622,-74.45182,57035
New Canaan,,41.14676,-73.49484,19738
New Caney,,30.15522,-95.21132,20000
New Castle (IN),,39.92894,-85.37025,17621
New Castle (PA),,41.00367,-80.34701,22375
New City (IL),,41.80753,-87.65644,40997
New City (NY),,41.1476,-73.98931,33559
New Haven (CT),,41.30815,-72.92816,130322
New Haven (IN),,41.0706,-85.01441,15709
New Hope,,45.03802,-93.38662,21032
New Iberia,,30.00354,-91.81873,30754
New Lenox,,41.51198,-87.96561,25800
New London,,41.35565,-72.09952,27179
New Milford,,40.9351,-74.01903,16801
New Orleans,,29.95465,-90.07507,362701
New Philadelphia,,40.48979,-81.44567,17484
New Port Richey,,28.24418,-82.71927,15842
New Rochelle,,40.91149,-73.78235,79846
New Smyrna Beach,,29.02582,-80.927,24298
New South Memphis,,35.08676,-90.05676,641608
New Springville,,40.59344,-74.1632,20756
New Territory,,29.59412,-95.68078,15186
New York City,,40.71427,-74.00597,8804190
Newark (CA),,37.52966,-122.04024,45336
Newark (DE),,39.68372,-75.74966,33817
Newark (NJ),,40.73566,-74.17237,281944
Newark (OH),,40.05812,-82.40126,47986
Newberg,,45.30012,-122.97316,22780
Newburg,,38.16007,-85.65968,19967
Newburgh,,41.50343,-74.01042,28290
Newburyport,,42.81259,-70.87728,17982
Newington,,41.69788,-72.72371,30562
Newnan,,33.38067,-84.79966,37291
Newport (KY),,39.09145,-84.49578,15354
Newport (RI),,41.4901,-71.31283,24232
Newport Beach,,33.61891,-117.92895,87127
Newport News,,36.98038,-76.42975,186247
Newton (IA),,41.69971,-93.04798,15125
Newton (KS),,38.04668,-97.34504,19216
Newton (MA),,42.33704,-71.20922,88817
Niagara Falls,,43.0945,-79.05671,48916
Nicetown-Tioga,,40.00989,-75.16387,17382
Nicholasville,,37.88063,-84.573,29754
Niles (IL),,42.01892,-87.80284,29876
Niles (OH),,41.18284,-80.76536,18651
Nipomo,,35.04275,-120.476,16714
Niu Valley,,21.2843,-157.73706,19250
Nixa,,37.04339,-93.29435,20984
NoMa,,38.90372,-77.00598,20700
Noblesville,,40.04559,-86.0086,59093
Noe Valley,,37.75018,-122.43369,22893
Nogales,,31.34038,-110.93425,20252
Norco,,33.93113,-117.54866,26289
Norcross,,33.94121,-84.21353,16634
Norfolk (NE),,42.02834,-97.417,24366
Norfolk (VA),,36.84681,-76.28522,238005
Norland,,25.94898,-80.21227,23604
Normal,,40.5142,-88.99063,54373
Norman,,35.22257,-97.43948,128026
Norristown,,40.1215,-75.3399,34412
North Amityville,,40.6976,-73.42512,17862
North Andover,,42.6987,-71.13506,28222
North Arlington,,40.78843,-74.1332,15904
North Attleborough Center,,41.97263,-71.32474,16796
North Augusta,,33.5018,-81.96512,22522
North Aurora,,41.80614,-88.3273,17456
North Babylon,,40.71649,-73.32179,17509
North Bay Shore,,40.753,-73.2602,18944
North Bel Air,,39.53983,-76.35496,33925
North Bellmore,,40.69149,-73.53346,19941
North Bergen,,40.80427,-74.01208,63484
North Bethesda,,39.04455,-77.11887,43828
North Brunswick,,40.454,-74.482,43905
North Canton,,40.87589,-81.40234,17441
North Center,,41.95392,-87.67895,34623
North Charleston,,32.85462,-79.97481,108304
North Chicago,,42.32558,-87.84118,29491
North Chicopee,,42.18343,-72.59953,55179
North Creek,,47.81954,-122.17624,26410
North Decatur,,33.79038,-84.30603,16698
North Druid Hills,,33.81677,-84.31326,18947
North Fort Myers,,26.66729,-81.88009,39407
North Haven,,41.39093,-72.85954,24093
North Highlands,,38.68574,-121.37217,42694
North Hills,,34.23639,-118.48472,56946
North Hollywood,,34.17223,-118.37897,64587
North Kingstown,,41.5501,-71.46617,28042
North La Crosse,,43.84635,-91.24819,50470
North Las Vegas,,36.19886,-115.1175,234807
North Lauderdale,,26.2173,-80.22588,43703
North Lawndale,,41.86003,-87.71839,35276
North Liberty,,41.74918,-91.59795,15931
North Little Rock,,34.76954,-92.26709,66504
North Massapequa,,40.70093,-73.46207,17886
North Miami,,25.89009,-80.18671,62435
North Miami Beach,,25.93315,-80.16255,43971
North Myrtle Beach,,33.81601,-78.68002,15579
North Ogden,,41.30716,-111.96022,18446
North Olmsted,,41.4156,-81.92347,32004
North Peoria,,40.71754,-89.58426,113004
North Plainfield,,40.6301,-74.42737,22140
North Platte,,41.12389,-100.76542,24194
North Port,,27.04422,-82.23593,62345
North Potomac,,39.08289,-77.26498,24410
North Providence,,41.8501,-71.46617,33835
North Richland Hills,,32.8343,-97.2289,69204
North Ridgeville,,41.38949,-82.01903,32483
North Royalton,,41.31366,-81.72457,30311
North Salt Lake,,40.84856,-111.90688,19796
North Stamford,,41.13815,-73.54346,121230
North Tonawanda,,43.03867,-78.8642,30785
North Tustin,,33.76446,-117.79394,24917
North Valley Stream,,40.6851,-73.7018,16628
Northampton,,42.32509,-72.6412,28540
Northbrook,,42.12753,-87.82895,33663
Northdale,,28.0939,-82.50561,22079
Northfield,,44.4583,-93.1616,20380
Northglenn,,39.88554,-104.9872,39197
Northport,,33.22901,-87.57723,24772
Northridge,,34.22834,-118.53675,68469
Northwest One,,38.90428,-77.01196,23386
Northwood,,33.71372,-117.76091,22218
Norton,,41.96677,-71.18699,19808
Norton Shores,,43.1689,-86.26395,24208
Norwalk (CA),,33.90224,-118.08173,107140
Norwalk (CT),,41.1176,-73.4079,88485
Norwalk (OH),,41.24255,-82.61573,16827
Norwich,,41.52426,-72.07591,39899
Norwood (MA),,42.19454,-71.1995,28602
Norwood (OH),,39.15561,-84.45966,19915
Novato,,38.10742,-122.5697,55530
Novi,,42.48059,-83.47549,58723
Nutley,,40.82232,-74.15987,27572
Nuuanu - Punchbowl,,21.34215,-157.82852,16205
O'Fallon (IL),,38.59227,-89.91121,29002
O'Fallon (MO),,38.81061,-90.69985,85040
Oak Creek,,42.88585,-87.86314,35243
Oak Forest,,41.60281,-87.74394,28074
Oak Grove,,45.41679,-122.64009,16629
Oak Harbor,,48.29316,-122.64322,22693
Oak Hill,,38.9258,-77.40156,33811
Oak Lawn,,41.71087,-87.75811,56781
Oak Park (IL),,41.88503,-87.7845,52287
Oak Park (MI),,42.45948,-83.18271,29752
Oak Ridge (FL),,28.47112,-81.42452,22685
Oak Ridge (TN),,36.01036,-84.26964,29302
Oakdale (CA),,37.76659,-120.84715,22259
Oakdale (MN),,44.96302,-92.96494,28080
Oakland,,37.80437,-122.2708,419267
Oakland Park,,26.17231,-80.13199,44319
Oakleaf Plantation,,30.17083,-81.83549,20315
Oakley,,37.99742,-121.71245,39813
Oakton,,38.88095,-77.30082,34166
Oakville,,38.47005,-90.30456,36143
Ocala,,29.1872,-82.14009,58218
Ocean Acres,,39.74345,-74.28098,16142
Ocean Springs,,30.41131,-88.82781,17636
Oceanside (CA),,33.19587,-117.37948,175691
Oceanside (NY),,40.63871,-73.64013,32109
Ocoee,,28.56917,-81.54396,43608
Oconomowoc,,43.11167,-88.49927,16360
Odenton,,39.084,-76.70025,37132
Odessa,,31.84568,-102.36764,114428
Ogden,,41.223,-111.97383,85444
Oildale,,35.41968,-119.01955,32684
Ojus,,25.94843,-80.1506,18036
Okemos,,42.72226,-84.42747,21369
Oklahoma City,,35.46756,-97.51643,681054
Okolona,,38.14118,-85.68774,17134
Olathe,,38.8814,-94.81913,134305
Old Bridge,,40.41483,-74.36543,23753
Old Jamestown,,38.83494,-90.28511,19184
Olive Branch,,34.96176,-89.82953,36010
Olney (MD),,39.15316,-77.06692,33844
Olney (PA),,40.04122,-75.12379,39154
Olympia,,47.04491,-122.90169,55733
Omaha,,41.25626,-95.94043,486051
Onalaska,,43.88441,-91.23514,18468
Ontario,,34.06334,-117.65089,171214
Opa-locka,,25.90232,-80.25033,16565
Opelika,,32.64541,-85.37828,29527
Opelousas,,30.53353,-92.08151,16591
Opportunity,,47.64995,-117.23991,25877
Orange (CA),,33.78779,-117.85311,140992
Orange (NJ),,40.77066,-74.23265,34457
Orange (TX),,30.09299,-93.73655,19347
Orangevale,,38.67851,-121.22578,33960
Orchards,,45.66651,-122.56093,19556
Orcutt,,34.86526,-120.436,28905
Oregon,,41.64366,-83.48688,20102
Oregon City,,45.35734,-122.60676,35831
Orem,,40.2969,-111.69465,94457
Orient Heights,,42.3876,-71.00366,15741
Orinda,,37.87715,-122.17969,19279
Orland Park,,41.63031,-87.85394,58619
Orlando,,28.53834,-81.37924,334854
Ormond Beach,,29.28581,-81.05589,40970
Oro Valley,,32.39091,-110.96649,45303
Oroville,,39.51394,-121.55776,16260
Oshkosh,,44.02471,-88.54261,66555
Ossining,,41.16287,-73.86152,25441
Oswego (IL),,41.68281,-88.35146,33955
Oswego (NY),,43.45535,-76.5105,17787
Otsego,,45.27413,-93.59135,15551
Ottawa,,41.34559,-88.84258,18342
Ottumwa,,41.02001,-92.4113,24624
Overbrook,,39.98928,-75.24324,32181
Overland,,38.70116,-90.36234,15959
Overland Park,,38.98223,-94.67079,186515
Oviedo,,28.67,-81.20812,38551
Owasso,,36.26954,-95.85471,34542
Owatonna,,44.08385,-93.22604,25725
Owensboro,,37.77422,-87.11333,59042
Owings Mills,,39.41955,-76.78025,30622
Oxford (AL),,33.61427,-85.83496,21249
Oxford (MS),,34.3665,-89.51925,22314
Oxford (OH),,39.507,-84.74523,22104
Oxford Circle,,40.05011,-75.07184,48856
Oxnard,,34.1975,-119.17705,207254
Oxon Hill,,38.80345,-76.9897,17722
Oxon Hill-Glassmanor,,38.79615,-76.97499,35355
Ozark,,37.02089,-93.20602,19120
Ozone Park,,40.67677,-73.84375,53985
Pace,,30.59936,-87.16108,20039
Pacific Grove,,36.61774,-121.91662,15674
Pacific Palisades,,34.04806,-118.52647,23121
Pacifica,,37.61383,-122.48692,39260
Paducah,,37.08339,-88.60005,24864
Pahrump,,36.20829,-115.98391,36441
Painesville,,41.72449,-81.24566,19776
Palatine,,42.1103,-88.03424,69308
Palestine,,31.76212,-95.63079,18288
Palisades Park,,40.84816,-73.99764,20743
Palm Bay,,28.03446,-80.58866,119760
Palm Beach Gardens,,26.82339,-80.13865,52923
Palm City,,27.16783,-80.26616,23120
Palm Coast,,29.58497,-81.20784,82893
Palm Desert,,33.72255,-116.37697,51869
Palm Harbor,,28.07807,-82.76371,57439
Palm River-Clair Mel,,27.92386,-82.37939,21024
Palm Springs (CA),,33.8303,-116.54529,47371
Palm Springs (FL),,26.6359,-80.09615,22341
Palm Valley,,30.17746,-81.38758,20019
Palmdale,,34.57943,-118.11646,158351
Palmer,,42.15843,-72.32869,18261
Palmetto Bay,,25.62177,-80.32477,24439
Palo Alto,,37.44188,-122.14302,66853
Palos Hills,,41.6967,-87.817,17565
Pampa,,35.53616,-100.95987,18177
Panama City,,30.15946,-85.65983,38286
Papillion,,41.15444,-96.04224,19510
Paradise (CA),,39.75961,-121.62192,26476
Paradise (NV),,36.09719,-115.14666,223167
Paragould,,36.0584,-90.49733,27900
Paramount,,33.88946,-118.15979,55412
Paramus,,40.94454,-74.07542,26974
Paris,,33.66094,-95.55551,24782
Park Forest,,41.49142,-87.67449,21954
Park Ridge,,42.01114,-87.84062,37757
Park Slope,,40.6701,-73.98597,65047
Park View,,38.93206,-77.02359,18796
Parkchester,,40.83899,-73.86041,65876
Parker,,39.5186,-104.76136,49550
Parkersburg,,39.26674,-81.56151,30991
Parkland (FL),,26.31008,-80.23727,30177
Parkland (WA),,47.15538,-122.43401,35803
Parkside,,37.74197,-122.4863,16874
Parkville,,39.37733,-76.53969,30734
Parkwood Manor,,40.09344,-74.96795,16787
Parlier,,36.61162,-119.52707,15138
Parma,,41.40477,-81.72291,79937
Parma Heights,,41.39005,-81.75958,20246
Parole,,38.981,-76.545,15922
Parsippany,,40.85788,-74.42599,51144
Pasadena (CA),,34.14778,-118.14452,142250
Pasadena (MD),,39.119,-76.57108,24287
Pasadena (TX),,29.69106,-95.2091,153784
Pascagoula,,30.36576,-88.55613,22126
Pasco,,46.23958,-119.10057,69451
Paso Robles,,35.62664,-120.691,27157
Passaic,,40.85677,-74.12848,71085
Pataskala,,39.99562,-82.67433,15245
Paterson,,40.91677,-74.17181,147754
Patterson,,37.4716,-121.12966,21498
Pawtucket,,41.87871,-71.38256,71591
Payson (AZ),,34.23087,-111.32514,15345
Payson (UT),,40.0444,-111.73215,19548
Peabody,,42.52787,-70.92866,52504
Peachtree City,,33.39678,-84.59576,35240
Peachtree Corners,,33.9701,-84.22159,40978
Pearl,,32.27459,-90.13203,26462
Pearl City,,21.39734,-157.97516,47698
Pearl River,,41.05899,-74.02181,15876
Pearland,,29.56357,-95.28605,108821
Pecan Grove,,29.62607,-95.73162,15963
Peekskill,,41.29009,-73.92042,24043
Pekin,,40.56754,-89.64066,33223
Pelham,,33.28567,-86.80999,22885
Pembroke Pines,,26.00315,-80.22394,166611
Pendleton,,45.67207,-118.7886,16881
Penn Hills,,40.50118,-79.83922,44610
Pennsauken,,39.95622,-75.05795,36332
Pennsport,,39.92761,-75.15045,26000
Pensacola,,30.42131,-87.21691,53724
Peoria (AZ),,33.5806,-112.23738,190985
Peoria (IL),,40.69365,-89.58899,115070
Perris,,33.78252,-117.22865,74971
Perry,,32.45821,-83.73157,15457
Perry Hall,,39.41261,-76.46357,28474
Perrysburg,,41.557,-83.62716,21423
Perth Amboy,,40.50677,-74.26542,52682
Petaluma,,38.23242,-122.63665,60438
Petersburg,,37.22793,-77.40193,32477
Petworth,,38.94594,-77.02498,18983
Pflugerville,,30.43937,-97.62,57122
Pharr,,26.1948,-98.18362,76538
Phenix City,,32.47098,-85.00077,37570
Philadelphia,,39.95238,-75.16362,1573916
Phoenix,,33.44838,-112.07404,1650070
Phoenixville,,40.13038,-75.51491,16658
Pickerington,,39.88423,-82.7535,19745
Picnic Point-North Lynnwood,,47.86278,-122.29497,22953
Pico Rivera,,33.98307,-118.09673,64218
Pikesville,,39.37427,-76.72247,30764
Pine Bluff,,34.22843,-92.0032,44772
Pine Hills,,28.55778,-81.4534,60076
Pinecrest,,25.66705,-80.30811,19452
Pinehurst,,35.19543,-79.46948,15752
Pinellas Park,,27.8428,-82.69954,51617
Pinewood,,25.86898,-80.21699,16520
Pinole,,38.00437,-122.29886,19269
Piqua,,40.14477,-84.24244,20790
Piscataway,,40.49927,-74.39904,56044
Pittsburg (CA),,38.02798,-121.88468,69424
Pittsburg (KS),,37.41088,-94.70496,20409
Pittsburgh,,40.44062,-79.99589,304391
Pittsfield,,42.45008,-73.24538,43303
Placentia,,33.87224,-117.87034,52495
Plainfield (CT),,41.67649,-71.91507,15498
Plainfield (IL),,41.62697,-88.20395,42527
Plainfield (IN),,39.70421,-86.39944,30590
Plainfield (NJ),,40.63371,-74.40737,51217
Plainview (NY),,40.77649,-73.46735,26217
Plainview (TX),,34.18479,-101.70684,20919
Plainville,,41.67454,-72.85816,17328
Plano,,33.01984,-96.69889,283558
Plant City,,28.01888,-82.11469,37406
Plantation,,26.13421,-80.23184,92560
Plattsburgh,,44.69949,-73.45291,19806
Pleasant Grove,,40.36412,-111.73854,38052
Pleasant Hill,,37.94798,-122.0608,34810
Pleasant Plains,,38.927,-77.023,21174
Pleasant Prairie,,42.55308,-87.93341,20726
Pleasanton,,37.66243,-121.87468,79510
Pleasantville,,39.38984,-74.52404,20755
Pleasure Ridge Park,,38.14535,-85.8583,25813
Plum,,40.50035,-79.74949,27505
Plymouth,,45.01052,-93.45551,75907
Pocatello,,42.8713,-112.44553,54441
Poinciana,,28.14029,-81.45841,53193
Point Breeze,,39.93345,-75.17796,16977
Point Pleasant,,40.08317,-74.06819,18523
Pomona,,34.05529,-117.75228,153266
Pompano Beach,,26.23786,-80.12477,107762
Ponca City,,36.70698,-97.08559,24758
Ponte Vedra Beach,,30.23969,-81.38564,35400
Pontiac,,42.63892,-83.29105,59917
Pooler,,32.11548,-81.24706,23133
Poplar Bluff,,36.757,-90.39289,17266
Port Angeles,,48.11815,-123.43074,19448
Port Arthur,,29.88519,-93.94233,55340
Port Charlotte,,26.97617,-82.09064,54392
Port Chester,,41.00176,-73.66568,29620
Port Hueneme,,34.14778,-119.19511,22423
Port Huron,,42.97086,-82.42491,29330
Port Orange,,29.13832,-80.99561,59866
Port Richmond (NY),,40.63316,-74.13653,15470
Port Richmond (PA),,39.99345,-75.10017,27554
Port Saint Lucie,,27.29393,-80.35033,164603
Port Washington,,40.82566,-73.69819,15846
Portage (IN),,41.57587,-87.17615,36738
Portage (MI),,42.20115,-85.58,48177
Portage Park,,41.95781,-87.76506,64841
Porterville,,36.06523,-119.01677,56058
Portland (ME),,43.65737,-70.2589,66881
Portland (OR),,45.52345,-122.67621,652503
Portland (TX),,27.87725,-97.32388,16116
Portsmouth (NH),,43.07704,-70.75766,21530
Portsmouth (OH),,38.73174,-82.99767,20409
Portsmouth (RI),,41.60232,-71.25033,17756
Portsmouth (VA),,36.83543,-76.29827,96201
Portsmouth Heights,,36.82098,-76.36883,99049
Post Falls,,47.71796,-116.95159,30453
Potomac,,39.01817,-77.20859,44965
Pottstown,,40.24537,-75.64963,22664
Poughkeepsie,,41.70037,-73.92097,30371
Poway,,32.96282,-117.03586,50157
Prairie Village,,38.99167,-94.63357,21877
Prairieville,,30.30297,-90.97205,26895
Prattville,,32.46402,-86.4597,35420
Prescott,,34.54002,-112.4685,41899
Prescott Valley,,34.61002,-112.31572,42197
Prichard,,30.7388,-88.07889,22351
Princeton (FL),,25.53844,-80.40894,39308
Princeton (NJ),,40.34872,-74.65905,29603
Prior Lake,,44.7133,-93.42273,25282
Prospect Heights,,42.0953,-87.93757,16386
Prosper,,33.23623,-96.80111,15967
Providence,,41.82399,-71.41283,190934
Provo,,40.23384,-111.65853,115162
Prunedale,,36.77579,-121.66967,17560
Pueblo,,38.25445,-104.60914,109412
Pueblo West,,38.35,-104.72275,29637
Pullman,,46.73127,-117.17962,32816
Punta Gorda,,26.92978,-82.04537,18150
Punta Gorda Isles,,26.91756,-82.07842,18306
Puyallup,,47.18538,-122.2929,39659
Queen Creek,,33.24866,-111.6343,34614
Queens,,40.68149,-73.83652,2316841
Queens Village,,40.72677,-73.74152,51919
Queensbury,,43.37729,-73.61317,27703
Quincy (IL),,39.9356,-91.40987,40780
Quincy (MA),,42.25288,-71.00227,93618
Racine,,42.72613,-87.78285,77742
Radcliff,,37.84035,-85.94913,22387
Radford,,37.13179,-80.57645,17403
Radnor,,40.04622,-75.35991,30878
Rahway,,40.60816,-74.27765,29508
Raleigh,,35.7721,-78.63861,482295
Ramona,,33.04171,-116.86808,20292
Ramsey (MN),,45.2611,-93.45,25828
Ramsey (NJ),,41.05732,-74.14098,15102
Rancho Cordova,,38.58907,-121.30273,71017
Rancho Cucamonga,,34.1064,-117.59311,175236
Rancho Mirage,,33.73974,-116.41279,18083
Rancho Palos Verdes,,33.74446,-118.38702,42732
Rancho Penasquitos,,32.95949,-117.11531,60000
Rancho San Diego,,32.74727,-116.9353,21208
Rancho Santa Margarita,,33.64086,-117.6031,49324
Randallstown,,39.36733,-76.79525,32430
Randolph (MA),,42.1626,-71.04116,32112
Randolph (NJ),,40.84829,-74.58148,25734
Rapid City,,44.08054,-103.23101,73569
Raymore,,38.80195,-94.45273,20374
Raytown,,39.00862,-94.46356,29401
Reading (MA),,42.52565,-71.09533,24747
Reading (PA),,40.33565,-75.92687,87879
Red Wing,,44.56247,-92.5338,16445
Redan,,33.74538,-84.13158,33015
Redding,,40.58654,-122.39168,91582
Redford,,42.38337,-83.2966,49936
Redland,,39.14539,-77.14415,17242
Redlands,,34.05557,-117.18254,71035
Redmond (OR),,44.27262,-121.17392,28654
Redmond (WA),,47.67399,-122.12151,60598
Redondo Beach,,33.84918,-118.38841,68166
Redwood City,,37.48522,-122.23635,85288
Reedley,,36.59634,-119.4504,25569
Rego Park,,40.72649,-73.85264,43925
Reisterstown,,39.46976,-76.8319,25968
Reno,,39.52963,-119.8138,264165
Renton,,47.48288,-122.21707,100242
Republic,,37.12005,-93.48019,16005
Reseda,,34.20112,-118.53647,65000
Reston,,38.96872,-77.3411,58404
Revere,,42.40843,-71.01199,53422
Rexburg,,43.82602,-111.78969,27663
Reynoldsburg,,39.95479,-82.81212,37158
Rhawnhurst,,40.06178,-75.05573,25581
Rialto,,34.1064,-117.37032,103132
Richardson,,32.94818,-96.72972,110815
Richfield,,44.8833,-93.283,36216
Richland,,46.28569,-119.28446,54248
Richmond (CA),,37.93576,-122.34775,109708
Richmond (IN),,39.82894,-84.89024,35854
Richmond (KY),,37.74786,-84.29465,33533
Richmond (VA),,37.55376,-77.46026,226610
Richmond Hill,,40.69983,-73.83125,98984
Richmond West,,25.6105,-80.42971,35884
Ridgecrest,,35.62246,-117.6709,28780
Ridgeland,,32.42848,-90.13231,24351
Ridgewood (NJ),,40.97926,-74.11653,25621
Ridgewood (NY),,40.7001,-73.90569,69317
Rio Linda,,38.69101,-121.44857,15106
Rio Rancho,,35.23338,-106.66447,87521
Rio Rico,,31.47148,-110.97648,18962
Ripon,,37.74159,-121.12438,15151
Rittenhouse,,39.94845,-75.17212,21582
River Falls,,44.86136,-92.62381,15269
Riverbank,,37.73604,-120.93549,24122
Riverdale,,33.57261,-84.41326,15989
Riverside (CA),,33.95335,-117.39616,317261
Riverside (OH),,39.77978,-84.1241,24972
Riverton,,40.52189,-111.9391,41900
Riverview,,27.86614,-82.32648,71050
Riviera Beach,,26.77534,-80.0581,34005
Roanoke,,37.27097,-79.94143,100011
Roanoke Rapids,,36.46154,-77.65415,15345
Rochester (MN),,44.02163,-92.4699,112225
Rochester (NH),,43.30453,-70.97562,30038
Rochester (NY),,43.15478,-77.61556,209802
Rochester Hills,,42.65837,-83.14993,73424
Rock Hill,,34.92487,-81.02508,71548
Rock Island,,41.50948,-90.57875,38620
Rock Springs,,41.58746,-109.2029,23962
Rockford,,42.27113,-89.094,148278
Rockland,,42.13066,-70.91616,17982
Rockledge,,28.35084,-80.72533,24926
Rocklin,,38.79073,-121.23578,61213
Rockville,,39.084,-77.15276,66980
Rockville Centre,,40.65871,-73.64124,24201
Rockwall,,32.93123,-96.45971,42566
Rocky Mount,,35.93821,-77.79053,55806
Rocky River,,41.4756,-81.8393,20376
Rogers,,36.33202,-94.11854,63159
Rogers Park,,42.00864,-87.66672,54402
Rohnert Park,,38.33964,-122.7011,42407
Rolla,,37.95143,-91.77127,20019
Rolling Meadows,,42.08419,-88.01313,24190
Rome (GA),,34.25704,-85.16467,36323
Rome (NY),,43.21285,-75.45573,32573
Romeoville,,41.64753,-88.08951,39719
Romulus,,42.22226,-83.3966,23417
Ronkonkoma,,40.821,-73.143,19082
Roosevelt,,40.67871,-73.58902,16258
Rosamond,,34.86414,-118.16341,18150
Rose Hill,,38.78872,-77.11276,20226
Roseburg,,43.2165,-123.34174,22114
Rosedale (MD),,39.32011,-76.51552,19257
Rosedale (NY),,40.66205,-73.73541,25812
Roselle (IL),,41.98475,-88.07979,22994
Roselle (NJ),,40.65223,-74.25882,21670
Rosemead,,34.08057,-118.07285,54908
Rosemont,,38.55185,-121.36467,22681
Rosemount,,44.73941,-93.12577,23413
Rosenberg,,29.55718,-95.80856,35510
Roseville (CA),,38.75212,-121.28801,130269
Roseville (MI),,42.49726,-82.93714,47637
Roseville (MN),,45.00608,-93.15661,35580
Roslindale,,42.29121,-71.1245,27683
Rossville (MD),,39.33844,-76.47968,15147
Rossville (NY),,40.54929,-74.21019,18792
Roswell (GA),,34.02316,-84.36159,94501
Roswell (NM),,33.39437,-104.52491,48544
Rotterdam,,42.78702,-73.97096,20652
Round Lake,,42.35336,-88.09341,18461
Round Lake Beach,,42.37169,-88.09008,27852
Round Rock,,30.50826,-97.6789,115997
Rowland Heights,,33.97612,-117.90534,48993
Rowlett,,32.9029,-96.56388,60236
Roxbury Crossing,,42.33065,-71.09116,15248
Roy,,41.16161,-112.02633,37964
Royal Oak,,42.48948,-83.14465,59008
Royal Palm Beach,,26.7084,-80.2306,37633
Rubidoux,,33.99613,-117.4056,34280
Ruskin,,27.72086,-82.43315,17208
Russellville,,35.27842,-93.13379,29166
Ruston,,32.52321,-92.63793,22340
Rutherford,,40.82649,-74.10681,18690
Rutland,,43.61062,-72.97261,15824
Rye,,40.98065,-73.68374,16046
Sachse,,32.97623,-96.59527,24554
Saco,,43.50092,-70.44283,19078
Sacramento,,38.58157,-121.4944,524943
Safety Harbor,,27.99085,-82.69316,17454
Saginaw (MI),,43.41947,-83.95081,49347
Saginaw (TX),,32.86013,-97.36391,22079
Saginaw Township North,,43.46004,-84.00674,24994
Sahuarita,,31.95758,-110.95565,25707
Saint Andrews,,34.043,-81.101,21151
Saint Charles (MD),,38.60317,-76.93858,36376
Saint Charles (MO),,38.78394,-90.48123,65794
Saint Clair Shores,,42.49698,-82.88881,59715
Saint Cloud (FL),,28.2489,-81.28118,35183
Saint Cloud (MN),,45.5608,-94.16249,65842
Saint George,,37.10415,-113.58412,72897
Saint Joseph,,39.76861,-94.84663,76780
Saint Louis Park,,44.9483,-93.34801,45250
Saint Matthews,,38.25285,-85.65579,17472
Saint Michael,,45.20996,-93.66496,16399
Saint Paul,,44.94441,-93.09327,303176
Saint Peters,,38.80033,-90.62651,52575
Salem (MA),,42.51977,-70.89552,42869
Salem (NH),,42.78842,-71.20089,29549
Salem (OR),,44.9429,-123.0351,175535
Salem (VA),,37.29347,-80.05476,25432
Salina,,38.84028,-97.61142,47813
Salinas,,36.67774,-121.6555,157380
Salisbury (MD),,38.36067,-75.59937,32899
Salisbury (NC),,35.67097,-80.47423,34017
Salmon Creek,,45.71067,-122.64899,19686
Salt Lake City,,40.76078,-111.89105,215548
Sammamish,,47.64177,-122.0804,52253
San Angelo,,31.46377,-100.43704,99893
San Antonio,,29.42412,-98.49363,1526656
San Benito,,26.13258,-97.6311,24496
San Bernardino,,34.10834,-117.28977,216108
San Bruno,,37.63049,-122.41108,43185
San Carlos,,37.50716,-122.26052,29931
San Carlos Park,,26.4673,-81.80147,16824
San Clemente,,33.42697,-117.61199,65526
San Diego,,32.71571,-117.16472,1404452
San Dimas,,34.10668,-117.80673,34630
San Fernando,,34.28195,-118.43897,24931
San Francisco,,37.77493,-122.41942,827526
San Gabriel,,34.09611,-118.10583,40424
San Jacinto,,33.78391,-116.95864,46951
San Jose,,37.33939,-121.89496,997368
San Juan,,26.18924,-98.15529,36556
San Juan Capistrano,,33.50169,-117.66255,36454
San Leandro,,37.72493,-122.15608,90712
San Lorenzo,,37.67412,-122.13321,23452
San Luis,,32.487,-114.78218,31520
San Luis Obispo,,35.28275,-120.65962,47339
San Marcos (CA),,33.14337,-117.16614,92931
San Marcos (TX),,29.88327,-97.94139,60684
San Mateo,,37.56299,-122.32553,103536
San Pablo,,37.96215,-122.34553,30407
San Pedro,,33.73585,-118.29229,83556
San Rafael,,37.97353,-122.53109,59162
San Ramon,,37.77993,-121.97802,76134
San Tan Valley,,33.1911,-111.528,81321
Sand Springs,,36.13981,-96.10889,19783
Sandalfoot Cove,,26.33863,-80.1869,16582
Sandusky,,41.44894,-82.70796,25212
Sandy,,40.59161,-111.8841,87461
Sandy Hills,,40.58106,-111.85077,89575
Sandy Springs,,33.92427,-84.37854,105330
Sanford (FL),,28.80055,-81.27312,58111
Sanford (ME),,43.43925,-70.77422,20893
Sanford (NC),,35.47988,-79.1803,29144
Sanger,,36.70801,-119.55597,24950
Santa Ana,,33.74557,-117.86783,310227
Santa Barbara,,34.42083,-119.69819,91842
Santa Clara,,37.35411,-121.95524,126215
Santa Clarita,,34.39166,-118.54259,182371
Santa Cruz,,36.97412,-122.0308,64220
Santa Fe,,35.68698,-105.9378,87505
Santa Fe Springs,,33.94724,-118.08535,18026
Santa Maria,,34.95303,-120.43572,105093
Santa Monica,,34.01949,-118.49138,93220
Santa Paula,,34.35417,-119.05927,30546
Santa Rosa,,38.44047,-122.71443,178127
Santa Rosa Beach,,30.39603,-86.22883,32459
Santee,,32.83838,-116.97392,57787
Sapulpa,,35.9987,-96.11417,20579
Sarasota,,27.33643,-82.53065,55118
Saratoga,,37.26383,-122.02301,30968
Saratoga Springs (NY),,43.08313,-73.78457,27765
Saratoga Springs (UT),,40.34912,-111.90466,25407
Sartell,,45.62163,-94.20694,16788
Saugus,,42.46482,-71.01005,26628
Savage,,44.77913,-93.33634,30391
Savannah,,32.08354,-81.09983,147780
Sawtelle,,34.0363,-118.44949,39757
Sayreville,,40.45927,-74.36098,44920
Sayreville Junction,,40.46538,-74.33043,42890
Sayville,,40.73593,-73.08206,16853
Scaggsville,,39.14511,-76.90025,24333
Scarsdale,,41.0051,-73.78458,17885
Schaumburg,,42.03336,-88.08341,74693
Schenectady,,42.81424,-73.93957,65305
Schererville,,41.47892,-87.45476,28791
Schertz,,29.55217,-98.26973,43091
Schofield Barracks,,21.49837,-158.06515,16370
Schofield-Wheeler,,21.48394,-158.04681,20452
Scotch Plains,,40.65538,-74.38987,23584
Scottsdale,,33.50921,-111.89903,236839
Scranton,,41.40916,-75.6649,77118
SeaTac,,47.44846,-122.29217,28215
Seabrook,,38.974,-76.849,17287
Seaford,,40.66593,-73.48818,15294
Seagoville,,32.63958,-96.53832,15894
Seal Beach,,33.74141,-118.10479,24619
Searcy,,35.25064,-91.73625,24196
Seaside,,36.61107,-121.85162,33025
Seattle,,47.60621,-122.33207,780995
Sebastian,,27.81641,-80.47061,24007
Secaucus,,40.78955,-74.05653,19104
Security-Widefield,,38.74728,-104.71439,32882
Sedalia,,38.70446,-93.22826,21516
Seguin,,29.56884,-97.96473,27864
Selden,,40.86649,-73.03566,19851
Selma (AL),,32.40736,-87.0211,19519
Selma (CA),,36.57078,-119.61208,24414
Seminole,,27.83975,-82.79121,18153
Setauket-East Setauket,,40.93064,-73.10179,15477
Seven Oaks,,34.04876,-81.14648,15144
Severn,,39.13705,-76.6983,44231
Severna Park,,39.07039,-76.54524,37634
Sevierville,,35.86815,-83.56184,16490
Sewell,,39.7665,-75.14434,37433
Seymour (CT),,41.39676,-73.07594,16562
Seymour (IN),,38.95922,-85.89025,19478
Shafter,,35.50051,-119.27178,18336
Shaker Heights,,41.47394,-81.53707,27646
Shakopee,,44.79802,-93.5269,39981
Shaw,,38.91206,-77.02137,17639
Shawnee (KS),,39.04167,-94.72024,65046
Shawnee (OK),,35.32729,-96.9253,31286
Sheboygan,,43.75083,-87.71453,48797
Sheepshead Bay,,40.59122,-73.94458,122534
Shelby (MI),,42.67087,-83.03298,74099
Shelby (NC),,35.29235,-81.53565,20189
Shelbyville (IN),,39.52144,-85.77692,19133
Shelbyville (KY),,38.21201,-85.22357,15253
Shelbyville (TN),,35.48341,-86.46027,21317
Shelton,,41.31649,-73.09316,41296
Shenandoah,,30.4013,-91.00094,18399
Sheridan,,44.79719,-106.95618,17873
Sherman,,33.63566,-96.60888,40667
Sherman Oaks,,34.15112,-118.44925,52677
Sherrelwood,,39.83776,-105.00137,18287
Sherwood (AR),,34.81509,-92.22432,30517
Sherwood (OR),,45.35651,-122.8401,19283
Shirley,,40.80149,-72.8676,27854
Shively,,38.20007,-85.82274,15713
Shoreline,,47.75565,-122.34152,55439
Shoreview,,45.07913,-93.14717,26477
Shorewood,,41.52003,-88.20173,16747
Short Pump,,37.65042,-77.61249,24729
Shreveport,,32.52515,-93.75018,187593
Shrewsbury,,42.29593,-71.71285,33893
Sicklerville,,39.71734,-74.96933,42891
Sidney,,40.28422,-84.1555,20858
Sierra Vista,,31.55454,-110.30369,43355
Sikeston,,36.87672,-89.58786,16436
Siloam Springs,,36.18814,-94.5405,16081
Silver Firs,,47.86602,-122.1551,20891
Silver Lake,,34.08668,-118.27023,32890
Silver Spring,,38.99067,-77.02609,71452
Silverdale,,47.64454,-122.69487,19204
Simi Valley,,34.26945,-118.78148,126788
Simpsonville,,34.73706,-82.25428,20736
Sioux City,,42.49999,-96.40031,82821
Sioux Falls,,43.54369,-96.72796,171544
Skokie,,42.03336,-87.73339,64821
Slidell,,30.27519,-89.78117,27942
Smithfield,,41.92204,-71.54951,21872
Smithtown,,40.85593,-73.20067,26470
Smyrna (GA),,33.88399,-84.51438,56146
Smyrna (TN),,35.98284,-86.5186,46607
Snellville,,33.85733,-84.01991,19733
Socastee,,33.6835,-78.99837,19952
Socorro,,31.65456,-106.30331,33222
Socorro Mission Number 1 Colonia,,31.63622,-106.29054,28637
Soledad,,36.42469,-121.32632,25003
Solon,,41.38978,-81.44123,23043
Somerset (MA),,41.76955,-71.12866,18165
Somerset (NJ),,40.4976,-74.48849,22083
Somerton (AZ),,32.59644,-114.70968,15048
Somerton (PA),,40.12344,-75.01489,33247
Somerville,,42.3876,-71.0995,80318
South Bel Air,,39.53316,-76.33746,48828
South Bend,,41.68338,-86.25001,101516
South Boston,,42.33343,-71.04949,571281
South Bradenton,,27.4631,-82.58176,22178
South Burlington,,44.46699,-73.17096,18791
South Chicago,,41.73977,-87.55425,28095
South El Monte,,34.05195,-118.04673,20878
South Elgin,,41.99419,-88.2923,22365
South Euclid,,41.52311,-81.51846,21794
South Fulton,,33.59259,-84.67294,107436
South Gate (CA),,33.95474,-118.21202,96401
South Gate (MD),,39.129,-76.6258,29658
South Hadley,,42.25842,-72.57453,17652
South Hill,,47.14121,-122.27012,52431
South Holland,,41.60087,-87.60699,22043
South Houston,,29.66301,-95.23549,17544
South Jordan,,40.56217,-111.92966,66648
South Jordan Heights,,40.56384,-111.94938,37141
South Kingstown,,41.44718,-71.52494,30826
South Lake Tahoe,,38.93324,-119.98435,21706
South Laurel,,39.06983,-76.85025,26112
South Lawndale,,41.84364,-87.71255,73826
South Miami Heights,,25.59761,-80.38061,36770
South Milwaukee,,42.91057,-87.86064,21233
South Ogden,,41.19189,-111.97133,16955
South Old Bridge,,40.40816,-74.35432,23233
South Orange,,40.74899,-74.26126,17295
South Ozone Park,,40.6701,-73.81902,75878
South Pasadena,,34.11612,-118.15035,26151
South Peabody,,42.50982,-70.94949,50293
South Plainfield,,40.57927,-74.41154,24290
South Portland,,43.64147,-70.24088,25556
South Portland Gardens,,43.63897,-70.31533,23893
South Riding,,38.92094,-77.50388,24256
South River,,40.44649,-74.38598,16399
South Saint Paul,,44.89274,-93.03494,20160
South Salt Lake,,40.71884,-111.88827,24788
South San Francisco,,37.65466,-122.40775,67271
South San Jose Hills,,34.01279,-117.90478,20551
South Shore,,41.76198,-87.57783,51451
South Suffolk,,36.71709,-76.59023,80690
South Valley,,35.01005,-106.67808,40976
South Vineland,,39.44595,-75.02879,58122
South Whittier,,33.95015,-118.03917,57156
South Windsor,,41.82371,-72.6212,24412
South Yuba City,,39.11656,-121.63913,15217
Southaven,,34.98898,-90.01259,52589
Southbridge,,42.0751,-72.03341,19030
Southbury,,41.48148,-73.21317,19836
Southchase,,28.39306,-81.3834,15921
Southfield,,42.47337,-83.22187,73156
Southgate,,42.21393,-83.19381,29293
Southglenn,,39.58721,-104.95276,42268
Southington,,41.59649,-72.8776,43501
Southlake,,32.94124,-97.13418,29941
Southwest Waterfront,,38.87934,-77.01758,15129
Spanaway,,47.10399,-122.43457,27227
Spanish Fork,,40.11496,-111.65492,37935
Spanish Lake,,38.78783,-90.21594,19650
Spanish Springs,,39.64908,-119.70741,15064
Sparks,,39.53491,-119.75269,96094
Sparta,,41.03343,-74.63849,19722
Spartanburg,,34.94957,-81.93205,37867
Spokane,,47.65966,-117.42908,229447
Spokane Valley,,47.67323,-117.23937,94919
Spring,,30.07994,-95.41716,54298
Spring Hill (FL),,28.47688,-82.52546,98621
Spring Hill (TN),,35.75118,-86.93,36055
Spring Valley (CA),,32.74477,-116.99892,28205
Spring Valley (NV),,36.10803,-115.245,178395
Spring Valley (NY),,41.11315,-74.04375,32598
Springboro,,39.55228,-84.23327,18213
Springdale,,36.18674,-94.12881,77859
Springfield (IL),,39.80172,-89.64371,114394
Springfield (MA),,42.10148,-72.58981,154341
Springfield (MO),,37.21533,-93.29824,170188
Springfield (OH),,39.92423,-83.80882,59680
Springfield (OR),,44.04624,-123.02203,60870
Springfield (PA),,39.93067,-75.32019,23363
Springfield (TN),,36.50921,-86.885,16808
Springfield (VA),,38.78928,-77.1872,30484
Springfield Gardens,,40.66312,-73.76221,30515
Springville,,40.16523,-111.61075,32286
St. Charles (IL),,41.91419,-88.30869,32974
St. Charles (MD),,38.60728,-76.92478,33379
St. Johns,,30.0815,-81.54774,40000
St. Louis,,38.62727,-90.19789,279695
St. Marys,,30.73051,-81.54649,17968
St. Petersburg,,27.77086,-82.67927,257083
Stafford,,29.61607,-95.55772,18459
Stallings,,35.0907,-80.68618,15270
Stamford,,41.05343,-73.53873,128874
Stanton,,33.80252,-117.99312,38872
Starkville,,33.45049,-88.81961,25366
State College,,40.79339,-77.86,42161
Staten Island,,40.56233,-74.13986,468730
Statesboro,,32.44879,-81.78317,30721
Statesville,,35.78264,-80.8873,26221
Staunton,,38.14991,-79.0732,24416
Stephenville,,32.2207,-98.20226,20120
Sterling (IL),,41.78864,-89.69622,15057
Sterling (VA),,39.00622,-77.4286,27822
Sterling Heights,,42.58031,-83.0302,132052
Steubenville,,40.36979,-80.63396,18219
Stevens Point,,44.52358,-89.57456,26604
Stevenson Ranch,,34.39048,-118.57372,17557
Stillwater (MN),,45.05636,-92.80604,18924
Stillwater (OK),,36.11561,-97.05837,48967
Stockbridge,,33.54428,-84.23381,28202
Stockton,,37.9577,-121.29078,305658
Stonecrest,,33.70849,-84.13485,50000
Stonegate,,33.70534,-117.74009,18938
Stoneham,,42.4801,-71.0995,21437
Storrs,,41.80843,-72.24952,15344
Stoughton,,42.1251,-71.10227,26915
Stow,,41.1595,-81.44039,34797
Stratford,,41.18454,-73.13317,51384
Strawberry Mansion,,39.98345,-75.18268,15778
Streamwood,,42.02558,-88.17841,40554
Streetsboro,,41.23922,-81.34594,16312
Strongsville,,41.3145,-81.83569,44668
Stuart,,27.19755,-80.25283,16462
Studio City,,34.14862,-118.39647,34034
Sudbury,,42.38343,-71.41617,17343
Sudley,,38.79289,-77.49749,16203
Suffolk,,36.72836,-76.58496,88161
Sugar Hill,,34.10649,-84.03352,21747
Sugar Land,,29.61968,-95.63495,88156
Suisun,,38.23825,-122.04024,28111
Suitland,,38.84872,-76.92386,25825
Suitland-Silver Hill,,38.84685,-76.92591,33515
Sulphur,,30.23659,-93.37738,20189
Sulphur Springs,,33.13845,-95.60107,16098
Summerlin South,,36.11708,-115.33001,24085
Summerville,,33.0185,-80.17565,48848
Summit,,40.71562,-74.36468,22074
Sumter,,33.92044,-80.34147,40816
Sun City (AZ),,33.59754,-112.27182,37499
Sun City (CA),,33.70919,-117.19726,19579
Sun City Center,,27.71809,-82.35176,19258
Sun City West,,33.66198,-112.34127,24535
Sun Prairie,,43.1836,-89.21373,32365
Sun Valley,,39.5963,-119.77602,19299
Sunland,,34.26695,-118.3023,15316
Sunland Park,,31.7965,-106.57999,15940
Sunny Isles Beach,,25.95065,-80.12282,22123
Sunnyside (NY),,40.73982,-73.93542,49833
Sunnyside (WA),,46.32374,-120.00865,16325
Sunnyvale,,37.36883,-122.03635,155805
Sunrise,,26.13397,-80.1131,84439
Sunrise Manor,,36.21108,-115.07306,189372
Sunset,,25.70594,-80.35228,16389
Sunset Park,,40.64548,-74.01241,126000
Superior,,46.72077,-92.10408,26579
Surprise,,33.63059,-112.33322,143148
Susanville,,40.41628,-120.65301,15247
Suwanee,,34.05149,-84.0713,18694
Swansea,,41.74816,-71.18977,16525
Sweetwater,,25.76343,-80.37311,20840
Sycamore,,41.98892,-88.68675,17712
Sylmar,,34.30778,-118.44925,79614
Sylvania,,41.71894,-83.71299,18965
Syosset,,40.82621,-73.50207,18829
Syracuse (NY),,43.04812,-76.14742,144142
Syracuse (UT),,41.08939,-112.06467,27395
Tacoma,,47.25288,-122.44429,222906
Tacony,,40.03122,-75.04434,17846
Tahlequah,,35.91537,-94.96996,16598
Takoma Park,,38.97789,-77.00748,17713
Talladega,,33.43594,-86.1058,15709
Tallahassee,,30.43826,-84.28073,201731
Tallmadge,,41.10145,-81.44178,17512
Tamarac,,26.21286,-80.24977,64681
Tamiami,,25.75871,-80.39839,55271
Tampa,,27.94752,-82.45843,414547
Tanque Verde,,32.25174,-110.73731,16901
Tarpon Springs,,28.14612,-82.75677,24605
Taunton,,41.9001,-71.08977,56789
Tavares,,28.80416,-81.72563,15430
Taylor (MI),,42.24087,-83.26965,61568
Taylor (TX),,30.57076,-97.40944,16702
Taylors,,34.92039,-82.29623,21617
Taylorsville,,40.66772,-111.93883,60514
Teaneck,,40.8976,-74.01597,40078
Temecula,,33.49364,-117.14836,110003
Tempe,,33.41477,-111.90931,175826
Tempe Junction,,33.41421,-111.94348,158368
Temple,,31.09823,-97.34278,72277
Temple City,,34.10723,-118.05785,36365
Temple Terrace,,28.0353,-82.38926,25731
Terrace Heights,,40.72149,-73.7693,15421
Terre Haute,,39.4667,-87.41391,60825
Terrell,,32.73596,-96.27526,16981
Terrytown,,29.91021,-90.03257,23319
Tewksbury,,42.61065,-71.23422,29326
Texarkana (AR),,33.44179,-94.03769,30353
Texarkana (TX),,33.42513,-94.04769,37280
Texas City,,29.38385,-94.9027,47618
The Acreage,,26.79404,-80.26749,38704
The Bronx,,40.84985,-73.86641,1385108
The Colony,,33.08901,-96.88639,41779
The Crossings,,25.67066,-80.40117,22758
The Dalles,,45.59456,-121.17868,15340
The Hammocks,,25.67149,-80.4445,51003
The Trails of Frisco,,33.16087,-96.87182,51059
The Villages,,28.93408,-81.95994,51442
The Woodlands,,30.15799,-95.48938,93847
Thomasville (GA),,30.83658,-83.97878,18742
Thomasville (NC),,35.88264,-80.08199,27061
Thornton,,39.86804,-104.97192,133451
Thousand Oaks,,34.17056,-118.83759,129339
Three Lakes,,25.64205,-80.39839,15047
Throgs Neck,,40.8226,-73.81958,33683
Tiffin,,41.1145,-83.17797,17687
Tifton,,31.45046,-83.5085,16725
Tigard,,45.43123,-122.77149,51253
Tillmans Corner,,30.59019,-88.17084,17398
Times Square,,40.75636,-73.98644,17749
Tinley Park,,41.57337,-87.78449,57143
Tinton Falls,,40.30428,-74.10042,17772
Titusville,,28.61222,-80.80755,45393
Toledo,,41.66394,-83.55521,265638
Toms River,,39.95373,-74.19792,88791
Tooele,,40.53078,-112.29828,33157
Topeka,,39.04833,-95.67804,125963
Torrance,,33.83585,-118.34063,143592
Torrington,,41.80065,-73.12122,34906
Town 'n' Country,,28.01057,-82.57732,78442
Towson,,39.4015,-76.60191,55197
Tracy,,37.73987,-121.42618,87075
Traverse City,,44.76306,-85.62063,15218
Tremont,,40.84954,-73.90569,22870
Trenton (MI),,42.13949,-83.17826,18380
Trenton (NJ),,40.21705,-74.74294,89620
Tri-Cities,,46.2454,-119.19617,244036
Trotwood,,39.79728,-84.31133,24096
Troutdale,,45.53929,-122.38731,16631
Troy (AL),,31.80877,-85.96995,18853
Troy (MI),,42.60559,-83.14993,83280
Troy (NY),,42.72841,-73.69179,49906
Troy (OH),,40.0395,-84.20328,25659
Truckee,,39.32796,-120.18325,16299
Trumbull,,41.24287,-73.20067,36018
Trussville,,33.61983,-86.60888,21023
Tualatin,,45.38401,-122.76399,27154
Tuckahoe,,37.59015,-77.55638,44990
Tucker,,33.85455,-84.21714,27581
Tucson,,32.22174,-110.92648,542629
Tujunga,,34.25223,-118.28841,26527
Tukwila,,47.47399,-122.26096,20018
Tulare,,36.20773,-119.34734,62315
Tullahoma,,35.36202,-86.20943,19128
Tulsa,,36.15398,-95.99277,413066
Tumwater,,47.00732,-122.90931,19190
Tupelo,,34.25807,-88.70464,35680
Turlock,,37.49466,-120.84659,72292
Tuscaloosa,,33.20984,-87.56917,111338
Tustin,,33.74585,-117.82617,80583
Tustin Legacy,,33.70006,-117.82588,21428
Twentynine Palms,,34.13556,-116.05417,26025
Twin Falls,,42.56297,-114.46087,47468
Twinsburg,,41.31256,-81.44011,18872
Tyler,,32.35126,-95.30106,103700
Tysons,,38.91872,-77.23109,19627
UC Irvine,,33.63967,-117.84164,15807
Ukiah,,39.15017,-123.20778,15917
Union,,40.6976,-74.2632,56771
Union City (CA),,37.59577,-122.01913,74494
Union City (GA),,33.58706,-84.54243,20805
Union City (NJ),,40.77955,-74.02375,69156
Union Hill-Novelty Hill,,47.67887,-122.02833,18805
Uniondale,,40.70038,-73.59291,24759
Unionport,,40.82732,-73.85013,23895
Universal City (CA),,34.1389,-118.35341,105000
Universal City (TX),,29.54801,-98.29112,19986
University,,28.07389,-82.43902,41163
University City (MO),,38.65588,-90.30928,35058
University City (PA),,39.95071,-75.19476,17578
University Heights,,40.8601,-73.9093,27935
University Park (FL),,25.74649,-80.36755,26995
University Park (TX),,32.85013,-96.80028,24759
University Place,,47.23565,-122.5504,32842
University of Texas,,30.28604,-97.73889,53082
Upland,,34.09751,-117.64839,76443
Upper Alton,,38.91144,-90.15066,29251
Upper Arlington,,39.99451,-83.06241,34907
Upper Saint Clair,,40.3359,-80.08339,19229
Upper West Side,,40.78705,-73.97542,226989
Uptown,,41.9659,-87.65262,55137
Urbana,,40.11059,-88.20727,42311
Urbandale,,41.62666,-93.71217,44062
Utica,,43.1009,-75.23266,61100
Uvalde,,29.20968,-99.78617,16476
Vacaville,,38.35658,-121.98774,96803
Valdosta,,30.83334,-83.28032,55724
Valencia,,34.44361,-118.60953,148456
Valinda,,34.04529,-117.94367,22822
Vallejo,,38.10409,-122.25664,121692
Valley Glen,,34.18568,-118.42032,60000
Valley Station,,38.11118,-85.87024,22756
Valley Stream,,40.66427,-73.70846,37962
Valparaiso,,41.47309,-87.06114,32626
Valrico,,27.93789,-82.23644,35545
Van Buren,,35.43676,-94.34827,23081
Van Nest,,40.84843,-73.86375,23700
Van Nuys,,34.18667,-118.44897,136443
Vancouver,,45.63873,-122.66149,196442
Vandalia,,39.89061,-84.19883,15106
Venice (CA),,33.99084,-118.46008,40885
Venice (FL),,27.09978,-82.45426,22211
Ventura,,34.27834,-119.29317,96769
Vermont Square,,34.00204,-118.29896,47555
Vernon Hills,,42.21947,-87.97952,26314
Vero Beach,,27.63864,-80.39727,16358
Vero Beach South,,27.61638,-80.41308,23092
Vestal,,42.08507,-76.05381,28043
Vestavia Hills,,33.44872,-86.78777,34174
Vicksburg,,32.35265,-90.87788,23131
Victoria,,28.80527,-97.0036,67574
Victorville,,34.53611,-117.29116,122225
Vienna,,38.90122,-77.26526,16522
Villa Park,,41.88975,-87.98895,21969
Vincennes,,38.67727,-87.52863,18012
"Vincent (CA) [34.10, -117.92]",,34.09836,-117.92383,15922
"Vincent (CA) [34.50, -118.12]",,34.50055,-118.11646,15922
Vincentown,,39.934,-74.74849,24664
Vineland,,39.48623,-75.02573,60818
Vineyard,,38.46449,-121.34692,24836
Virginia Beach,,36.85293,-75.97799,454808
Visalia,,36.33023,-119.29206,130104
Visitacion Valley,,37.71715,-122.40433,22534
Vista,,33.20004,-117.24254,100890
Waco,,31.54933,-97.14667,132356
Wade Hampton,,34.90373,-82.33317,20622
Wadsworth,,41.02561,-81.72985,21860
Wahiawā,,21.50279,-158.02464,17821
Wahiawā-Whitmore,,21.50565,-158.03353,22448
Waiau-Pacific Palisades,,21.40022,-157.95445,47591
Waikīkī,,21.2855,-157.83594,19862
Wailuku,,20.89133,-156.50604,15313
Waipahu,,21.38667,-158.00917,38216
Wake Forest,,35.97987,-78.50972,38199
Wakefield (MA),,42.50648,-71.07283,24932
Wakefield (NY),,40.89788,-73.85236,52201
Waldorf,,38.62456,-76.93914,67752
Walker,,43.00141,-85.76809,24647
Walla Walla,,46.06458,-118.34302,32237
Wallingford,,41.45704,-72.82316,17712
Wallingford Center,,41.44987,-72.81892,18209
Walnut,,34.02029,-117.86534,30237
Walnut Creek,,37.90631,-122.06496,68910
Walnut Park,,33.96807,-118.22507,15966
Waltham,,42.37649,-71.23561,63378
Wantagh,,40.68371,-73.51013,18871
Warner Robins,,32.61574,-83.62664,73490
Warren (MI),,42.49044,-83.01304,134056
Warren (OH),,41.23756,-80.81842,40245
Warren Township,,40.60822,-74.51803,15311
Warrensburg,,38.76279,-93.73605,19927
Warwick,,41.7001,-71.41617,81699
Wasco (CA),,35.59412,-119.34095,26279
Wasco (IL),,41.93808,-88.40452,22560
Washington (DC),,38.89511,-77.03637,689545
Washington (IL),,40.70365,-89.40731,16664
Washington (UT),,37.13054,-113.50829,24299
Washington Heights,,40.8501,-73.93541,152613
Washougal,,45.58262,-122.35342,15288
Watauga,,32.85791,-97.25474,24525
Waterbury,,41.55815,-73.0515,108802
Waterford (CT),,41.3417,-72.13597,19281
Waterford (MI),,42.69303,-83.41181,75737
Waterloo,,42.49276,-92.34296,68460
Watertown (MA),,42.37093,-71.18283,31915
Watertown (NY),,43.97478,-75.91076,26780
Watertown (SD),,44.89941,-97.11507,22073
Watertown (WI),,43.19472,-88.72899,23819
Waterville,,44.55201,-69.63171,16261
Watsonville,,36.91023,-121.75689,53628
Waukee,,41.61166,-93.88523,18990
Waukegan,,42.36363,-87.84479,88475
Waukesha,,43.01168,-88.23148,71970
Wausau,,44.95914,-89.63012,39094
Wauwatosa,,43.04946,-88.00759,47614
Waverly,,42.7392,-84.62081,23925
Waxahachie,,32.38653,-96.84833,33384
Wayne (MI),,42.28143,-83.38632,17081
Wayne (NJ),,40.92538,-74.27654,57915
Wayne (PA),,40.044,-75.38769,30892
Waynesboro,,38.06847,-78.88947,21491
Weatherford,,32.7593,-97.79725,28742
Webster Groves,,38.59255,-90.35734,23177
Weirton,,40.41896,-80.58952,19175
Weirton Heights,,40.4084,-80.53924,19450
Wekiwa Springs,,28.69861,-81.42563,21998
Wellesley,,42.29649,-71.29256,27982
Wellington,,26.65868,-80.24144,62560
Wenatchee,,47.42346,-120.31035,33636
Wentzville,,38.81144,-90.85291,35603
Weslaco,,26.15952,-97.99084,39474
Wesley Chapel,,28.23973,-82.32787,44092
West Albany,,42.68313,-73.77845,93794
West Allis,,43.01668,-88.00703,60620
West Babylon,,40.71816,-73.35429,43213
West Bend,,43.42528,-88.18343,31695
West Bloomfield Township,,42.56891,-83.38356,64690
West Carson,,33.82168,-118.29257,21699
West Chester,,39.96097,-75.60804,19842
West Chicago,,41.88475,-88.20396,27447
West Columbia,,33.99349,-81.07398,16060
West Coon Rapids,,45.15969,-93.34967,62528
West Covina,,34.06862,-117.93895,108484
West Des Moines,,41.57721,-93.71133,64113
West Elkridge,,39.20705,-76.72692,28734
West Elsdon,,41.79392,-87.7245,19219
West Englewood,,41.77809,-87.66672,32156
West Falls Church,,38.86484,-77.18787,29207
West Fargo,,46.87497,-96.90036,33597
West Garfield Park,,41.88059,-87.72922,17742
West Gulfport,,30.40409,-89.0942,71329
West Hartford,,41.76204,-72.74204,63268
West Haven,,41.27065,-72.94705,54927
West Hempstead,,40.70482,-73.65013,18862
West Hills,,34.19731,-118.64398,41426
West Hollywood (CA),,34.09001,-118.36174,36222
West Hollywood (FL),,26.02065,-80.18394,60806
West Islip,,40.70621,-73.30623,28335
West Jordan,,40.60967,-111.9391,111946
West Lafayette,,40.42587,-86.90807,45550
West Lake Sammamish,,47.5776,-122.10123,33929
West Lake Stevens,,47.99343,-122.1018,21047
West Lawn,,41.77281,-87.72227,32749
West Linn,,45.36568,-122.61231,26593
West Little River,,25.85704,-80.23699,34699
West Lynchburg,,37.4032,-79.17808,65517
West Melbourne,,28.07168,-80.65339,20679
West Memphis,,35.14648,-90.18454,25052
West Mifflin,,40.3634,-79.86644,20075
West Milford,,41.13121,-74.36737,26968
West New York,,40.78788,-74.01431,53366
West Oak Lane,,40.06928,-75.16629,38699
West Odessa,,31.84235,-102.49876,22707
West Orange,,40.79871,-74.23904,48131
West Palm Beach,,26.71534,-80.05337,120932
West Park,,25.98454,-80.19894,15097
West Pensacola,,30.42659,-87.27969,21339
West Puente Valley,,34.05168,-117.9684,22636
West Raleigh,,35.78682,-78.66389,338759
West Ridge,,41.99975,-87.69284,72211
West Roxbury,,42.27926,-71.1495,30442
West Sacramento,,38.58046,-121.53023,52721
West Saint Paul,,44.91608,-93.10161,19540
West Scarborough,,43.57036,-70.38783,27706
West Seneca,,42.85006,-78.79975,44711
West Springfield (MA),,42.10704,-72.62037,27912
West Springfield (VA),,38.77261,-77.22109,22460
West Torrington,,41.81843,-73.14372,36000
West Town,,41.89381,-87.67493,86429
West University Place,,29.71801,-95.43383,15741
West Valley City,,40.69161,-112.00105,136208
West Village,,40.73361,-74.00917,32518
West Warwick,,41.69689,-71.52194,30146
West Whittier-Los Nietos,,33.976,-118.06909,25540
West and East Lealman,,27.81993,-82.68944,21924
Westbrook,,43.67703,-70.37116,17978
Westbury,,40.75566,-73.58763,15379
Westchase,,28.05502,-82.60982,21747
Westchester (FL),,25.75482,-80.32727,29862
Westchester (IL),,41.85059,-87.882,16729
Westerly,,41.3776,-71.82729,17936
Westerville,,40.12617,-82.92907,38384
Westfield (IN),,40.04282,-86.12749,36738
Westfield (MA),,42.12509,-72.74954,41690
Westfield (NJ),,40.65899,-74.34737,30548
Westford,,42.57926,-71.43784,21587
Westlake,,41.45532,-81.91792,32428
Westland,,42.3242,-83.40021,82000
Westminster (CA),,33.75918,-118.00673,92114
Westminster (CO),,39.83665,-105.0372,116317
Westminster (MD),,39.57538,-76.99581,18670
Westmont (CA),,33.9414,-118.3023,31853
Westmont (IL),,41.79586,-87.97562,24941
Weston (FL),,26.10037,-80.39977,69959
Weston (WI),,44.8908,-89.54762,15069
Westpark,,33.68527,-117.81371,22993
Westport,,41.14149,-73.3579,26391
Wethersfield,,41.71427,-72.65259,26668
Weymouth,,42.22093,-70.93977,54395
Wharton,,39.92678,-75.15712,49732
Wheat Ridge,,39.7661,-105.07721,31192
Wheaton (IL),,41.86614,-88.10701,53715
Wheaton (MD),,39.03983,-77.05526,48284
Wheeling (IL),,42.13919,-87.92896,38079
Wheeling (WV),,40.06396,-80.72091,27648
White Bear Lake,,45.08469,-93.00994,25205
White Oak (MD),,39.03983,-76.99303,17403
White Oak (OH),,39.21311,-84.59939,19167
White Plains,,41.03399,-73.76291,58459
White Settlement,,32.75957,-97.45835,17077
Whitehall,,39.96673,-82.88546,18694
Whitehall Township,,40.66676,-75.49991,24896
Whitestone,,40.79455,-73.81847,36984
Whitman,,39.91678,-75.15546,49732
Whitney,,36.09831,-115.0363,38585
Whittier,,33.97918,-118.03284,87438
Wichita,,37.69224,-97.33754,396119
Wichita Falls,,33.91371,-98.49339,104710
Wildomar,,33.59891,-117.28004,35632
Wildwood,,38.58283,-90.6629,35899
Wilkes-Barre,,41.24591,-75.88131,40780
Wilkinsburg,,40.44174,-79.88199,15731
Williamsburg (NY),,40.71427,-73.95347,33000
Williamsburg (VA),,37.2707,-76.70746,15052
Williamsport,,41.24119,-77.00108,29201
Williamstown,,39.68623,-74.99517,15567
Willimantic,,41.71065,-72.20813,17737
Willingboro,,40.02789,-74.86905,31668
Williston,,48.14697,-103.61797,26977
Willmar,,45.12191,-95.04334,19638
Willoughby,,41.63977,-81.4065,22631
Willow Grove,,40.144,-75.11573,15726
Willowbrook,,33.91696,-118.25507,35983
Wilmette,,42.07225,-87.72284,27413
Wilmington (CA),,33.78002,-118.26257,52000
Wilmington (DE),,39.74595,-75.54659,70898
Wilmington (MA),,42.54648,-71.17367,22325
Wilmington (NC),,34.23556,-77.94604,115933
Wilmington Island,,32.00355,-80.97372,15138
Wilson,,35.72127,-77.91554,49643
Wilsonville,,45.29984,-122.77371,22729
Wilton (CT),,41.19537,-73.4379,18062
Wilton (NY),,43.18007,-73.74429,17361
Winchester (KY),,37.99008,-84.17965,18446
Winchester (MA),,42.45232,-71.137,21374
Winchester (NV),,36.12997,-115.11889,27978
Winchester (VA),,39.18566,-78.16333,27284
Winder,,33.99261,-83.72017,15447
Windham,,41.69982,-72.15702,23072
Windsor (CA),,38.54713,-122.81638,27464
Windsor (CO),,40.47748,-104.90136,32716
Windsor (CT),,41.8526,-72.6437,28778
Winnetka,,34.21334,-118.57203,47000
Winona,,44.04996,-91.63932,27094
Winston-Salem,,36.09986,-80.24422,241218
Winter Garden,,28.56528,-81.58618,40356
Winter Gardens,,32.83116,-116.93336,20631
Winter Haven,,28.02224,-81.73286,37689
Winter Park,,28.6,-81.33924,29943
Winter Springs,,28.69889,-81.30812,34789
Winthrop,,42.3751,-70.98283,17618
Wisconsin Rapids,,44.38358,-89.81735,17897
Wissinoming,,40.02233,-75.06323,21445
Woburn,,42.47926,-71.15228,39555
Wolcott,,41.60232,-72.98677,16639
Wolf Trap,,38.93983,-77.28609,16131
Woodbridge (CA),,33.67724,-117.79442,24966
Woodbridge (NJ),,40.5576,-74.28459,19265
Woodburn,,45.14373,-122.85537,25173
Woodbury,,44.92386,-92.95938,67855
Woodhaven,,40.68927,-73.85791,36555
Woodland,,38.67852,-121.7733,58567
Woodland Hills,,34.16834,-118.60592,70000
Woodlawn (IL),,41.77948,-87.59949,24150
Woodlawn (MD),,39.32288,-76.72803,37879
Woodlawn (VA),,38.71678,-77.13276,20804
Woodmere,,40.63205,-73.71263,17121
Woodridge,,41.74697,-88.05034,33370
Woodrow,,40.5415,-74.19106,21005
Woodside,,40.74538,-73.90541,41981
Woodstock (GA),,34.10149,-84.51938,29898
Woodstock (IL),,42.31474,-88.4487,25189
Woonsocket,,42.00288,-71.51478,41475
Wooster,,40.80517,-81.93646,26749
Worcester,,42.26259,-71.80229,206518
Wright,,30.45575,-86.63829,23127
Wyandotte,,42.21421,-83.14992,25156
Wyckoff,,41.00954,-74.17292,17124
Wylie,,33.01512,-96.53888,46708
Wyoming,,42.91336,-85.70531,75275
Xenia,,39.68478,-83.92965,25976
Yakima,,46.60207,-120.5059,93701
Yarmouth,,41.70567,-70.22863,25243
Yonkers,,40.9304,-73.89789,201116
Yorba Linda,,33.88863,-117.81311,67973
York,,39.9626,-76.72774,43992
Yorkville,,41.64114,-88.44729,18451
Youngstown,,41.09978,-80.64952,64628
Ypsilanti,,42.24115,-83.61299,19945
Yuba City,,39.14045,-121.61691,66941
Yucaipa,,34.03363,-117.04309,53328
Yucca Valley,,34.11417,-116.43224,21600
Yukon,,35.50672,-97.76254,25892
Yuma,,32.72532,-114.6244,95548
Zachary,,30.64852,-91.1565,16448
Zanesville,,39.94035,-82.01319,25498
Zion,,42.44613,-87.83285,24117
Zionsville,,39.95087,-86.26194,26296
ʻEwa Beach-Iroquois Point,,21.31532,-157.99133,21088
ʻEwa Gentry-West Loch,,21.35335,-158.02836,35828
‘Ewa Beach,,21.31556,-158.00722,16415
‘Ewa Gentry,,21.33999,-158.03039,22690
